seq_len,initial_capital,fee_rate,slippage_bps,threshold_long,threshold_short,cooldown_bars,min_hold_bars,max_position,use_short,min_direction_confidence,min_edge_over_cost,allowed_regimes_long,allowed_regimes_short,final_capital,total_return,max_drawdown,sharpe_ratio,n_trades,avg_trade_cost,long_trades,short_trades,flat_transitions,pct_time_in_market,pct_long,pct_short,mean_bar_return,std_bar_return,ranking_score
64,10000.0,0.0006,5.0,0.004,-0.004,3,2,1.0,False,0.54,0.0008,"[0, 2]",[1],10718.706616098447,0.07187066160984479,-0.020389084417271122,1.797393616838901,46,0.001099999999999999,23,0,23,0.010482758620689656,0.010482758620689656,0.0,9.699741421028164e-06,0.0005050902845523908,0.8735306244144427
64,10000.0,0.0006,5.0,0.004,-0.004,3,2,1.0,False,0.54,0.001,"[0, 2]",[1],10718.706616098447,0.07187066160984479,-0.020389084417271122,1.797393616838901,46,0.001099999999999999,23,0,23,0.010482758620689656,0.010482758620689656,0.0,9.699741421028164e-06,0.0005050902845523908,0.8735306244144427
64,10000.0,0.0006,5.0,0.004,-0.004,3,2,1.0,False,0.54,0.0012,"[0, 2]",[1],10718.706616098447,0.07187066160984479,-0.020389084417271122,1.797393616838901,46,0.001099999999999999,23,0,23,0.010482758620689656,0.010482758620689656,0.0,9.699741421028164e-06,0.0005050902845523908,0.8735306244144427
64,10000.0,0.0006,5.0,0.003,-0.004,6,2,1.0,False,0.54,0.0008,"[0, 2]",[1],10705.57717335214,0.07055771733521388,-0.04549995441933675,1.1257066348255997,56,0.0010999999999999985,28,0,28,0.02413793103448276,0.02413793103448276,0.0,9.729979997064269e-06,0.0008089818438051657,0.683526560579768
64,10000.0,0.0006,5.0,0.003,-0.004,6,2,1.0,False,0.54,0.001,"[0, 2]",[1],10705.57717335214,0.07055771733521388,-0.04549995441933675,1.1257066348255997,56,0.0010999999999999985,28,0,28,0.02413793103448276,0.02413793103448276,0.0,9.729979997064269e-06,0.0008089818438051657,0.683526560579768
64,10000.0,0.0006,5.0,0.003,-0.004,6,2,1.0,False,0.54,0.0012,"[0, 2]",[1],10705.57717335214,0.07055771733521388,-0.04549995441933675,1.1257066348255997,56,0.0010999999999999985,28,0,28,0.02413793103448276,0.02413793103448276,0.0,9.729979997064269e-06,0.0008089818438051657,0.683526560579768
64,10000.0,0.0006,5.0,0.003,-0.004,6,4,1.0,False,0.54,0.0008,"[0, 2]",[1],10705.57717335214,0.07055771733521388,-0.04549995441933675,1.1257066348255997,56,0.0010999999999999985,28,0,28,0.02413793103448276,0.02413793103448276,0.0,9.729979997064269e-06,0.0008089818438051657,0.683526560579768
64,10000.0,0.0006,5.0,0.003,-0.004,6,4,1.0,False,0.54,0.001,"[0, 2]",[1],10705.57717335214,0.07055771733521388,-0.04549995441933675,1.1257066348255997,56,0.0010999999999999985,28,0,28,0.02413793103448276,0.02413793103448276,0.0,9.729979997064269e-06,0.0008089818438051657,0.683526560579768
64,10000.0,0.0006,5.0,0.003,-0.004,6,4,1.0,False,0.54,0.0012,"[0, 2]",[1],10705.57717335214,0.07055771733521388,-0.04549995441933675,1.1257066348255997,56,0.0010999999999999985,28,0,28,0.02413793103448276,0.02413793103448276,0.0,9.729979997064269e-06,0.0008089818438051657,0.683526560579768
64,10000.0,0.0006,5.0,0.003,-0.004,6,6,1.0,False,0.54,0.0008,"[0, 2]",[1],10705.57717335214,0.07055771733521388,-0.04549995441933675,1.1257066348255997,56,0.0010999999999999985,28,0,28,0.02413793103448276,0.02413793103448276,0.0,9.729979997064269e-06,0.0008089818438051657,0.683526560579768
64,10000.0,0.0006,5.0,0.003,-0.004,6,6,1.0,False,0.54,0.001,"[0, 2]",[1],10705.57717335214,0.07055771733521388,-0.04549995441933675,1.1257066348255997,56,0.0010999999999999985,28,0,28,0.02413793103448276,0.02413793103448276,0.0,9.729979997064269e-06,0.0008089818438051657,0.683526560579768
64,10000.0,0.0006,5.0,0.003,-0.004,6,6,1.0,False,0.54,0.0012,"[0, 2]",[1],10705.57717335214,0.07055771733521388,-0.04549995441933675,1.1257066348255997,56,0.0010999999999999985,28,0,28,0.02413793103448276,0.02413793103448276,0.0,9.729979997064269e-06,0.0008089818438051657,0.683526560579768
64,10000.0,0.0006,5.0,0.0025,-0.004,6,2,1.0,False,0.54,0.0008,"[0, 2]",[1],10674.111093910076,0.0674111093910077,-0.04932407698640574,1.060612114438027,60,0.001099999999999999,30,0,30,0.025793103448275862,0.025793103448275862,0.0,9.336144414511945e-06,0.0008238782362824568,0.6338912314192251
64,10000.0,0.0006,5.0,0.0025,-0.004,6,2,1.0,False,0.54,0.001,"[0, 2]",[1],10674.111093910076,0.0674111093910077,-0.04932407698640574,1.060612114438027,60,0.001099999999999999,30,0,30,0.025793103448275862,0.025793103448275862,0.0,9.336144414511945e-06,0.0008238782362824568,0.6338912314192251
64,10000.0,0.0006,5.0,0.0025,-0.004,6,2,1.0,False,0.54,0.0012,"[0, 2]",[1],10674.111093910076,0.0674111093910077,-0.04932407698640574,1.060612114438027,60,0.001099999999999999,30,0,30,0.025793103448275862,0.025793103448275862,0.0,9.336144414511945e-06,0.0008238782362824568,0.6338912314192251
64,10000.0,0.0006,5.0,0.0025,-0.004,6,4,1.0,False,0.54,0.0008,"[0, 2]",[1],10674.111093910076,0.0674111093910077,-0.04932407698640574,1.060612114438027,60,0.001099999999999999,30,0,30,0.025793103448275862,0.025793103448275862,0.0,9.336144414511945e-06,0.0008238782362824568,0.6338912314192251
64,10000.0,0.0006,5.0,0.0025,-0.004,6,4,1.0,False,0.54,0.001,"[0, 2]",[1],10674.111093910076,0.0674111093910077,-0.04932407698640574,1.060612114438027,60,0.001099999999999999,30,0,30,0.025793103448275862,0.025793103448275862,0.0,9.336144414511945e-06,0.0008238782362824568,0.6338912314192251
64,10000.0,0.0006,5.0,0.0025,-0.004,6,4,1.0,False,0.54,0.0012,"[0, 2]",[1],10674.111093910076,0.0674111093910077,-0.04932407698640574,1.060612114438027,60,0.001099999999999999,30,0,30,0.025793103448275862,0.025793103448275862,0.0,9.336144414511945e-06,0.0008238782362824568,0.6338912314192251
64,10000.0,0.0006,5.0,0.0025,-0.004,6,6,1.0,False,0.54,0.0008,"[0, 2]",[1],10674.111093910076,0.0674111093910077,-0.04932407698640574,1.060612114438027,60,0.001099999999999999,30,0,30,0.025793103448275862,0.025793103448275862,0.0,9.336144414511945e-06,0.0008238782362824568,0.6338912314192251
64,10000.0,0.0006,5.0,0.0025,-0.004,6,6,1.0,False,0.54,0.001,"[0, 2]",[1],10674.111093910076,0.0674111093910077,-0.04932407698640574,1.060612114438027,60,0.001099999999999999,30,0,30,0.025793103448275862,0.025793103448275862,0.0,9.336144414511945e-06,0.0008238782362824568,0.6338912314192251
64,10000.0,0.0006,5.0,0.0025,-0.004,6,6,1.0,False,0.54,0.0012,"[0, 2]",[1],10674.111093910076,0.0674111093910077,-0.04932407698640574,1.060612114438027,60,0.001099999999999999,30,0,30,0.025793103448275862,0.025793103448275862,0.0,9.336144414511945e-06,0.0008238782362824568,0.6338912314192251
64,10000.0,0.0006,5.0,0.0025,-0.004,9,2,1.0,False,0.54,0.0008,"[0, 2]",[1],10792.750640684782,0.07927506406847828,-0.06938297345143309,1.0453029740334818,60,0.001099999999999999,30,0,30,0.037655172413793105,0.037655172413793105,0.0,1.1006976156822427e-05,0.000985548253752147,0.6217107323193096
64,10000.0,0.0006,5.0,0.0025,-0.004,9,2,1.0,False,0.54,0.001,"[0, 2]",[1],10792.750640684782,0.07927506406847828,-0.06938297345143309,1.0453029740334818,60,0.001099999999999999,30,0,30,0.037655172413793105,0.037655172413793105,0.0,1.1006976156822427e-05,0.000985548253752147,0.6217107323193096
64,10000.0,0.0006,5.0,0.0025,-0.004,9,2,1.0,False,0.54,0.0012,"[0, 2]",[1],10792.750640684782,0.07927506406847828,-0.06938297345143309,1.0453029740334818,60,0.001099999999999999,30,0,30,0.037655172413793105,0.037655172413793105,0.0,1.1006976156822427e-05,0.000985548253752147,0.6217107323193096
64,10000.0,0.0006,5.0,0.0025,-0.004,9,4,1.0,False,0.54,0.0008,"[0, 2]",[1],10792.750640684782,0.07927506406847828,-0.06938297345143309,1.0453029740334818,60,0.001099999999999999,30,0,30,0.037655172413793105,0.037655172413793105,0.0,1.1006976156822427e-05,0.000985548253752147,0.6217107323193096
64,10000.0,0.0006,5.0,0.0025,-0.004,9,4,1.0,False,0.54,0.001,"[0, 2]",[1],10792.750640684782,0.07927506406847828,-0.06938297345143309,1.0453029740334818,60,0.001099999999999999,30,0,30,0.037655172413793105,0.037655172413793105,0.0,1.1006976156822427e-05,0.000985548253752147,0.6217107323193096
64,10000.0,0.0006,5.0,0.0025,-0.004,9,4,1.0,False,0.54,0.0012,"[0, 2]",[1],10792.750640684782,0.07927506406847828,-0.06938297345143309,1.0453029740334818,60,0.001099999999999999,30,0,30,0.037655172413793105,0.037655172413793105,0.0,1.1006976156822427e-05,0.000985548253752147,0.6217107323193096
64,10000.0,0.0006,5.0,0.0025,-0.004,9,6,1.0,False,0.54,0.0008,"[0, 2]",[1],10792.750640684782,0.07927506406847828,-0.06938297345143309,1.0453029740334818,60,0.001099999999999999,30,0,30,0.037655172413793105,0.037655172413793105,0.0,1.1006976156822427e-05,0.000985548253752147,0.6217107323193096
64,10000.0,0.0006,5.0,0.0025,-0.004,9,6,1.0,False,0.54,0.001,"[0, 2]",[1],10792.750640684782,0.07927506406847828,-0.06938297345143309,1.0453029740334818,60,0.001099999999999999,30,0,30,0.037655172413793105,0.037655172413793105,0.0,1.1006976156822427e-05,0.000985548253752147,0.6217107323193096
64,10000.0,0.0006,5.0,0.0025,-0.004,9,6,1.0,False,0.54,0.0012,"[0, 2]",[1],10792.750640684782,0.07927506406847828,-0.06938297345143309,1.0453029740334818,60,0.001099999999999999,30,0,30,0.037655172413793105,0.037655172413793105,0.0,1.1006976156822427e-05,0.000985548253752147,0.6217107323193096
64,10000.0,0.0006,5.0,0.0025,-0.004,3,6,1.0,False,0.54,0.0008,"[0, 2]",[1],10665.792374189003,0.06657923741890026,-0.04549995441933688,1.0168111756354137,64,0.0010999999999999992,32,0,32,0.027448275862068966,0.027448275862068966,0.0,9.251741130409493e-06,0.0008515991409507415,0.6171433912357338
64,10000.0,0.0006,5.0,0.0025,-0.004,3,6,1.0,False,0.54,0.001,"[0, 2]",[1],10665.792374189003,0.06657923741890026,-0.04549995441933688,1.0168111756354137,64,0.0010999999999999992,32,0,32,0.027448275862068966,0.027448275862068966,0.0,9.251741130409493e-06,0.0008515991409507415,0.6171433912357338
64,10000.0,0.0006,5.0,0.0025,-0.004,3,6,1.0,False,0.54,0.0012,"[0, 2]",[1],10665.792374189003,0.06657923741890026,-0.04549995441933688,1.0168111756354137,64,0.0010999999999999992,32,0,32,0.027448275862068966,0.027448275862068966,0.0,9.251741130409493e-06,0.0008515991409507415,0.6171433912357338
64,10000.0,0.0006,5.0,0.0035,-0.004,3,6,1.0,False,0.54,0.0008,"[0, 2]",[1],10627.586307242576,0.06275863072425758,-0.04549995441933682,1.0126538769915734,54,0.0010999999999999985,27,0,27,0.023310344827586208,0.023310344827586208,0.0,8.718946506450784e-06,0.000805851533059862,0.6036029218298858
64,10000.0,0.0006,5.0,0.0035,-0.004,3,6,1.0,False,0.54,0.001,"[0, 2]",[1],10627.586307242576,0.06275863072425758,-0.04549995441933682,1.0126538769915734,54,0.0010999999999999985,27,0,27,0.023310344827586208,0.023310344827586208,0.0,8.718946506450784e-06,0.000805851533059862,0.6036029218298858
64,10000.0,0.0006,5.0,0.0035,-0.004,3,6,1.0,False,0.54,0.0012,"[0, 2]",[1],10627.586307242576,0.06275863072425758,-0.04549995441933682,1.0126538769915734,54,0.0010999999999999985,27,0,27,0.023310344827586208,0.023310344827586208,0.0,8.718946506450784e-06,0.000805851533059862,0.6036029218298858
64,10000.0,0.0006,5.0,0.0035,-0.004,6,2,1.0,False,0.54,0.0008,"[0, 2]",[1],10627.586307242576,0.06275863072425758,-0.04549995441933682,1.0126538769915734,54,0.0010999999999999985,27,0,27,0.023310344827586208,0.023310344827586208,0.0,8.718946506450784e-06,0.000805851533059862,0.6036029218298858
64,10000.0,0.0006,5.0,0.0035,-0.004,6,2,1.0,False,0.54,0.001,"[0, 2]",[1],10627.586307242576,0.06275863072425758,-0.04549995441933682,1.0126538769915734,54,0.0010999999999999985,27,0,27,0.023310344827586208,0.023310344827586208,0.0,8.718946506450784e-06,0.000805851533059862,0.6036029218298858
64,10000.0,0.0006,5.0,0.0035,-0.004,6,2,1.0,False,0.54,0.0012,"[0, 2]",[1],10627.586307242576,0.06275863072425758,-0.04549995441933682,1.0126538769915734,54,0.0010999999999999985,27,0,27,0.023310344827586208,0.023310344827586208,0.0,8.718946506450784e-06,0.000805851533059862,0.6036029218298858
64,10000.0,0.0006,5.0,0.0035,-0.004,6,4,1.0,False,0.54,0.0008,"[0, 2]",[1],10627.586307242576,0.06275863072425758,-0.04549995441933682,1.0126538769915734,54,0.0010999999999999985,27,0,27,0.023310344827586208,0.023310344827586208,0.0,8.718946506450784e-06,0.000805851533059862,0.6036029218298858
64,10000.0,0.0006,5.0,0.0035,-0.004,6,4,1.0,False,0.54,0.001,"[0, 2]",[1],10627.586307242576,0.06275863072425758,-0.04549995441933682,1.0126538769915734,54,0.0010999999999999985,27,0,27,0.023310344827586208,0.023310344827586208,0.0,8.718946506450784e-06,0.000805851533059862,0.6036029218298858
64,10000.0,0.0006,5.0,0.0035,-0.004,6,4,1.0,False,0.54,0.0012,"[0, 2]",[1],10627.586307242576,0.06275863072425758,-0.04549995441933682,1.0126538769915734,54,0.0010999999999999985,27,0,27,0.023310344827586208,0.023310344827586208,0.0,8.718946506450784e-06,0.000805851533059862,0.6036029218298858
64,10000.0,0.0006,5.0,0.0035,-0.004,6,6,1.0,False,0.54,0.0008,"[0, 2]",[1],10627.586307242576,0.06275863072425758,-0.04549995441933682,1.0126538769915734,54,0.0010999999999999985,27,0,27,0.023310344827586208,0.023310344827586208,0.0,8.718946506450784e-06,0.000805851533059862,0.6036029218298858
64,10000.0,0.0006,5.0,0.0035,-0.004,6,6,1.0,False,0.54,0.001,"[0, 2]",[1],10627.586307242576,0.06275863072425758,-0.04549995441933682,1.0126538769915734,54,0.0010999999999999985,27,0,27,0.023310344827586208,0.023310344827586208,0.0,8.718946506450784e-06,0.000805851533059862,0.6036029218298858
64,10000.0,0.0006,5.0,0.0035,-0.004,6,6,1.0,False,0.54,0.0012,"[0, 2]",[1],10627.586307242576,0.06275863072425758,-0.04549995441933682,1.0126538769915734,54,0.0010999999999999985,27,0,27,0.023310344827586208,0.023310344827586208,0.0,8.718946506450784e-06,0.000805851533059862,0.6036029218298858
64,10000.0,0.0006,5.0,0.004,-0.004,3,4,1.0,False,0.54,0.0008,"[0, 2]",[1],10570.247371244972,0.05702473712449718,-0.023945018088385134,1.322681583912346,46,0.001099999999999999,23,0,23,0.013517241379310345,0.013517241379310345,0.0,7.800700326691224e-06,0.0005519888949624439,0.5845249671528943
64,10000.0,0.0006,5.0,0.004,-0.004,3,4,1.0,False,0.54,0.001,"[0, 2]",[1],10570.247371244972,0.05702473712449718,-0.023945018088385134,1.322681583912346,46,0.001099999999999999,23,0,23,0.013517241379310345,0.013517241379310345,0.0,7.800700326691224e-06,0.0005519888949624439,0.5845249671528943
64,10000.0,0.0006,5.0,0.004,-0.004,3,4,1.0,False,0.54,0.0012,"[0, 2]",[1],10570.247371244972,0.05702473712449718,-0.023945018088385134,1.322681583912346,46,0.001099999999999999,23,0,23,0.013517241379310345,0.013517241379310345,0.0,7.800700326691224e-06,0.0005519888949624439,0.5845249671528943
64,10000.0,0.0006,5.0,0.003,-0.004,3,6,1.0,False,0.54,0.0008,"[0, 2]",[1],10581.490118088288,0.05814901180882881,-0.04549995441933675,0.931296094772335,58,0.0010999999999999988,29,0,29,0.024965517241379312,0.024965517241379312,0.0,8.128350621320825e-06,0.0008168958695679993,0.5490951739739804
64,10000.0,0.0006,5.0,0.003,-0.004,3,6,1.0,False,0.54,0.001,"[0, 2]",[1],10581.490118088288,0.05814901180882881,-0.04549995441933675,0.931296094772335,58,0.0010999999999999988,29,0,29,0.024965517241379312,0.024965517241379312,0.0,8.128350621320825e-06,0.0008168958695679993,0.5490951739739804
64,10000.0,0.0006,5.0,0.003,-0.004,3,6,1.0,False,0.54,0.0012,"[0, 2]",[1],10581.490118088288,0.05814901180882881,-0.04549995441933675,0.931296094772335,58,0.0010999999999999988,29,0,29,0.024965517241379312,0.024965517241379312,0.0,8.128350621320825e-06,0.0008168958695679993,0.5490951739739804
64,10000.0,0.0006,5.0,0.003,-0.004,3,6,1.0,False,0.58,0.0008,"[0, 2]",[1],10573.62405915116,0.05736240591511588,-0.023264642629043732,1.2295015721296334,34,0.0010999999999999996,17,0,17,0.014758620689655172,0.014758620689655172,0.0,7.872649363975847e-06,0.0005992994425578272,0.540308718552077
64,10000.0,0.0006,5.0,0.003,-0.004,3,6,1.0,False,0.58,0.001,"[0, 2]",[1],10573.62405915116,0.05736240591511588,-0.023264642629043732,1.2295015721296334,34,0.0010999999999999996,17,0,17,0.014758620689655172,0.014758620689655172,0.0,7.872649363975847e-06,0.0005992994425578272,0.540308718552077
64,10000.0,0.0006,5.0,0.003,-0.004,3,6,1.0,False,0.58,0.0012,"[0, 2]",[1],10573.62405915116,0.05736240591511588,-0.023264642629043732,1.2295015721296334,34,0.0010999999999999996,17,0,17,0.014758620689655172,0.014758620689655172,0.0,7.872649363975847e-06,0.0005992994425578272,0.540308718552077
64,10000.0,0.0006,5.0,0.003,-0.004,6,2,1.0,False,0.58,0.0008,"[0, 2]",[1],10573.62405915116,0.05736240591511588,-0.023264642629043732,1.2295015721296334,34,0.0010999999999999996,17,0,17,0.014758620689655172,0.014758620689655172,0.0,7.872649363975847e-06,0.0005992994425578272,0.540308718552077
64,10000.0,0.0006,5.0,0.003,-0.004,6,2,1.0,False,0.58,0.001,"[0, 2]",[1],10573.62405915116,0.05736240591511588,-0.023264642629043732,1.2295015721296334,34,0.0010999999999999996,17,0,17,0.014758620689655172,0.014758620689655172,0.0,7.872649363975847e-06,0.0005992994425578272,0.540308718552077
64,10000.0,0.0006,5.0,0.003,-0.004,6,2,1.0,False,0.58,0.0012,"[0, 2]",[1],10573.62405915116,0.05736240591511588,-0.023264642629043732,1.2295015721296334,34,0.0010999999999999996,17,0,17,0.014758620689655172,0.014758620689655172,0.0,7.872649363975847e-06,0.0005992994425578272,0.540308718552077
64,10000.0,0.0006,5.0,0.003,-0.004,6,4,1.0,False,0.58,0.0008,"[0, 2]",[1],10573.62405915116,0.05736240591511588,-0.023264642629043732,1.2295015721296334,34,0.0010999999999999996,17,0,17,0.014758620689655172,0.014758620689655172,0.0,7.872649363975847e-06,0.0005992994425578272,0.540308718552077
64,10000.0,0.0006,5.0,0.003,-0.004,6,4,1.0,False,0.58,0.001,"[0, 2]",[1],10573.62405915116,0.05736240591511588,-0.023264642629043732,1.2295015721296334,34,0.0010999999999999996,17,0,17,0.014758620689655172,0.014758620689655172,0.0,7.872649363975847e-06,0.0005992994425578272,0.540308718552077
64,10000.0,0.0006,5.0,0.003,-0.004,6,4,1.0,False,0.58,0.0012,"[0, 2]",[1],10573.62405915116,0.05736240591511588,-0.023264642629043732,1.2295015721296334,34,0.0010999999999999996,17,0,17,0.014758620689655172,0.014758620689655172,0.0,7.872649363975847e-06,0.0005992994425578272,0.540308718552077
64,10000.0,0.0006,5.0,0.003,-0.004,6,6,1.0,False,0.58,0.0008,"[0, 2]",[1],10573.62405915116,0.05736240591511588,-0.023264642629043732,1.2295015721296334,34,0.0010999999999999996,17,0,17,0.014758620689655172,0.014758620689655172,0.0,7.872649363975847e-06,0.0005992994425578272,0.540308718552077
64,10000.0,0.0006,5.0,0.003,-0.004,6,6,1.0,False,0.58,0.001,"[0, 2]",[1],10573.62405915116,0.05736240591511588,-0.023264642629043732,1.2295015721296334,34,0.0010999999999999996,17,0,17,0.014758620689655172,0.014758620689655172,0.0,7.872649363975847e-06,0.0005992994425578272,0.540308718552077
64,10000.0,0.0006,5.0,0.003,-0.004,6,6,1.0,False,0.58,0.0012,"[0, 2]",[1],10573.62405915116,0.05736240591511588,-0.023264642629043732,1.2295015721296334,34,0.0010999999999999996,17,0,17,0.014758620689655172,0.014758620689655172,0.0,7.872649363975847e-06,0.0005992994425578272,0.540308718552077
64,10000.0,0.0006,5.0,0.0035,-0.004,3,6,1.0,False,0.58,0.0008,"[0, 2]",[1],10563.732974664466,0.05637329746644659,-0.023264642629043732,1.2167981636746976,32,0.0010999999999999998,16,0,16,0.013793103448275862,0.013793103448275862,0.0,7.741260780387176e-06,0.0005954498706632911,0.5309896889786012
64,10000.0,0.0006,5.0,0.0035,-0.004,3,6,1.0,False,0.58,0.001,"[0, 2]",[1],10563.732974664466,0.05637329746644659,-0.023264642629043732,1.2167981636746976,32,0.0010999999999999998,16,0,16,0.013793103448275862,0.013793103448275862,0.0,7.741260780387176e-06,0.0005954498706632911,0.5309896889786012
64,10000.0,0.0006,5.0,0.0035,-0.004,3,6,1.0,False,0.58,0.0012,"[0, 2]",[1],10563.732974664466,0.05637329746644659,-0.023264642629043732,1.2167981636746976,32,0.0010999999999999998,16,0,16,0.013793103448275862,0.013793103448275862,0.0,7.741260780387176e-06,0.0005954498706632911,0.5309896889786012
64,10000.0,0.0006,5.0,0.0035,-0.004,6,2,1.0,False,0.58,0.0008,"[0, 2]",[1],10563.732974664466,0.05637329746644659,-0.023264642629043732,1.2167981636746976,32,0.0010999999999999998,16,0,16,0.013793103448275862,0.013793103448275862,0.0,7.741260780387176e-06,0.0005954498706632911,0.5309896889786012
64,10000.0,0.0006,5.0,0.0035,-0.004,6,2,1.0,False,0.58,0.001,"[0, 2]",[1],10563.732974664466,0.05637329746644659,-0.023264642629043732,1.2167981636746976,32,0.0010999999999999998,16,0,16,0.013793103448275862,0.013793103448275862,0.0,7.741260780387176e-06,0.0005954498706632911,0.5309896889786012
64,10000.0,0.0006,5.0,0.0035,-0.004,6,2,1.0,False,0.58,0.0012,"[0, 2]",[1],10563.732974664466,0.05637329746644659,-0.023264642629043732,1.2167981636746976,32,0.0010999999999999998,16,0,16,0.013793103448275862,0.013793103448275862,0.0,7.741260780387176e-06,0.0005954498706632911,0.5309896889786012
64,10000.0,0.0006,5.0,0.0035,-0.004,6,4,1.0,False,0.58,0.0008,"[0, 2]",[1],10563.732974664466,0.05637329746644659,-0.023264642629043732,1.2167981636746976,32,0.0010999999999999998,16,0,16,0.013793103448275862,0.013793103448275862,0.0,7.741260780387176e-06,0.0005954498706632911,0.5309896889786012
64,10000.0,0.0006,5.0,0.0035,-0.004,6,4,1.0,False,0.58,0.001,"[0, 2]",[1],10563.732974664466,0.05637329746644659,-0.023264642629043732,1.2167981636746976,32,0.0010999999999999998,16,0,16,0.013793103448275862,0.013793103448275862,0.0,7.741260780387176e-06,0.0005954498706632911,0.5309896889786012
64,10000.0,0.0006,5.0,0.0035,-0.004,6,4,1.0,False,0.58,0.0012,"[0, 2]",[1],10563.732974664466,0.05637329746644659,-0.023264642629043732,1.2167981636746976,32,0.0010999999999999998,16,0,16,0.013793103448275862,0.013793103448275862,0.0,7.741260780387176e-06,0.0005954498706632911,0.5309896889786012
64,10000.0,0.0006,5.0,0.0035,-0.004,6,6,1.0,False,0.58,0.0008,"[0, 2]",[1],10563.732974664466,0.05637329746644659,-0.023264642629043732,1.2167981636746976,32,0.0010999999999999998,16,0,16,0.013793103448275862,0.013793103448275862,0.0,7.741260780387176e-06,0.0005954498706632911,0.5309896889786012
64,10000.0,0.0006,5.0,0.0035,-0.004,6,6,1.0,False,0.58,0.001,"[0, 2]",[1],10563.732974664466,0.05637329746644659,-0.023264642629043732,1.2167981636746976,32,0.0010999999999999998,16,0,16,0.013793103448275862,0.013793103448275862,0.0,7.741260780387176e-06,0.0005954498706632911,0.5309896889786012
64,10000.0,0.0006,5.0,0.0035,-0.004,6,6,1.0,False,0.58,0.0012,"[0, 2]",[1],10563.732974664466,0.05637329746644659,-0.023264642629043732,1.2167981636746976,32,0.0010999999999999998,16,0,16,0.013793103448275862,0.013793103448275862,0.0,7.741260780387176e-06,0.0005954498706632911,0.5309896889786012
64,10000.0,0.0006,5.0,0.003,-0.004,9,2,1.0,False,0.54,0.0008,"[0, 2]",[1],10652.513396798715,0.06525133967987151,-0.069382973451433,0.8940858891469481,56,0.0010999999999999985,28,0,28,0.03503448275862069,0.03503448275862069,0.0,9.179192668664898e-06,0.0009608980190194251,0.5040310167102225
64,10000.0,0.0006,5.0,0.003,-0.004,9,2,1.0,False,0.54,0.001,"[0, 2]",[1],10652.513396798715,0.06525133967987151,-0.069382973451433,0.8940858891469481,56,0.0010999999999999985,28,0,28,0.03503448275862069,0.03503448275862069,0.0,9.179192668664898e-06,0.0009608980190194251,0.5040310167102225
64,10000.0,0.0006,5.0,0.003,-0.004,9,2,1.0,False,0.54,0.0012,"[0, 2]",[1],10652.513396798715,0.06525133967987151,-0.069382973451433,0.8940858891469481,56,0.0010999999999999985,28,0,28,0.03503448275862069,0.03503448275862069,0.0,9.179192668664898e-06,0.0009608980190194251,0.5040310167102225
64,10000.0,0.0006,5.0,0.003,-0.004,9,4,1.0,False,0.54,0.0008,"[0, 2]",[1],10652.513396798715,0.06525133967987151,-0.069382973451433,0.8940858891469481,56,0.0010999999999999985,28,0,28,0.03503448275862069,0.03503448275862069,0.0,9.179192668664898e-06,0.0009608980190194251,0.5040310167102225
64,10000.0,0.0006,5.0,0.003,-0.004,9,4,1.0,False,0.54,0.001,"[0, 2]",[1],10652.513396798715,0.06525133967987151,-0.069382973451433,0.8940858891469481,56,0.0010999999999999985,28,0,28,0.03503448275862069,0.03503448275862069,0.0,9.179192668664898e-06,0.0009608980190194251,0.5040310167102225
64,10000.0,0.0006,5.0,0.003,-0.004,9,4,1.0,False,0.54,0.0012,"[0, 2]",[1],10652.513396798715,0.06525133967987151,-0.069382973451433,0.8940858891469481,56,0.0010999999999999985,28,0,28,0.03503448275862069,0.03503448275862069,0.0,9.179192668664898e-06,0.0009608980190194251,0.5040310167102225
64,10000.0,0.0006,5.0,0.003,-0.004,9,6,1.0,False,0.54,0.0008,"[0, 2]",[1],10652.513396798715,0.06525133967987151,-0.069382973451433,0.8940858891469481,56,0.0010999999999999985,28,0,28,0.03503448275862069,0.03503448275862069,0.0,9.179192668664898e-06,0.0009608980190194251,0.5040310167102225
64,10000.0,0.0006,5.0,0.003,-0.004,9,6,1.0,False,0.54,0.001,"[0, 2]",[1],10652.513396798715,0.06525133967987151,-0.069382973451433,0.8940858891469481,56,0.0010999999999999985,28,0,28,0.03503448275862069,0.03503448275862069,0.0,9.179192668664898e-06,0.0009608980190194251,0.5040310167102225
64,10000.0,0.0006,5.0,0.003,-0.004,9,6,1.0,False,0.54,0.0012,"[0, 2]",[1],10652.513396798715,0.06525133967987151,-0.069382973451433,0.8940858891469481,56,0.0010999999999999985,28,0,28,0.03503448275862069,0.03503448275862069,0.0,9.179192668664898e-06,0.0009608980190194251,0.5040310167102225
64,10000.0,0.0006,5.0,0.004,-0.004,3,6,1.0,False,0.58,0.0008,"[0, 2]",[1],10363.609132617155,0.03636091326171553,-0.016041783806489046,1.2133775026353268,26,0.0011,13,0,13,0.011310344827586206,0.011310344827586206,0.0,5.000520713913315e-06,0.0003857192781366826,0.48368792348983186
64,10000.0,0.0006,5.0,0.004,-0.004,3,6,1.0,False,0.58,0.001,"[0, 2]",[1],10363.609132617155,0.03636091326171553,-0.016041783806489046,1.2133775026353268,26,0.0011,13,0,13,0.011310344827586206,0.011310344827586206,0.0,5.000520713913315e-06,0.0003857192781366826,0.48368792348983186
64,10000.0,0.0006,5.0,0.004,-0.004,3,6,1.0,False,0.58,0.0012,"[0, 2]",[1],10363.609132617155,0.03636091326171553,-0.016041783806489046,1.2133775026353268,26,0.0011,13,0,13,0.011310344827586206,0.011310344827586206,0.0,5.000520713913315e-06,0.0003857192781366826,0.48368792348983186
64,10000.0,0.0006,5.0,0.004,-0.004,6,2,1.0,False,0.58,0.0008,"[0, 2]",[1],10363.609132617155,0.03636091326171553,-0.016041783806489046,1.2133775026353268,26,0.0011,13,0,13,0.011310344827586206,0.011310344827586206,0.0,5.000520713913315e-06,0.0003857192781366826,0.48368792348983186
64,10000.0,0.0006,5.0,0.004,-0.004,6,2,1.0,False,0.58,0.001,"[0, 2]",[1],10363.609132617155,0.03636091326171553,-0.016041783806489046,1.2133775026353268,26,0.0011,13,0,13,0.011310344827586206,0.011310344827586206,0.0,5.000520713913315e-06,0.0003857192781366826,0.48368792348983186
64,10000.0,0.0006,5.0,0.004,-0.004,6,2,1.0,False,0.58,0.0012,"[0, 2]",[1],10363.609132617155,0.03636091326171553,-0.016041783806489046,1.2133775026353268,26,0.0011,13,0,13,0.011310344827586206,0.011310344827586206,0.0,5.000520713913315e-06,0.0003857192781366826,0.48368792348983186
64,10000.0,0.0006,5.0,0.004,-0.004,6,4,1.0,False,0.58,0.0008,"[0, 2]",[1],10363.609132617155,0.03636091326171553,-0.016041783806489046,1.2133775026353268,26,0.0011,13,0,13,0.011310344827586206,0.011310344827586206,0.0,5.000520713913315e-06,0.0003857192781366826,0.48368792348983186
64,10000.0,0.0006,5.0,0.004,-0.004,6,4,1.0,False,0.58,0.001,"[0, 2]",[1],10363.609132617155,0.03636091326171553,-0.016041783806489046,1.2133775026353268,26,0.0011,13,0,13,0.011310344827586206,0.011310344827586206,0.0,5.000520713913315e-06,0.0003857192781366826,0.48368792348983186
64,10000.0,0.0006,5.0,0.004,-0.004,6,4,1.0,False,0.58,0.0012,"[0, 2]",[1],10363.609132617155,0.03636091326171553,-0.016041783806489046,1.2133775026353268,26,0.0011,13,0,13,0.011310344827586206,0.011310344827586206,0.0,5.000520713913315e-06,0.0003857192781366826,0.48368792348983186
64,10000.0,0.0006,5.0,0.004,-0.004,6,6,1.0,False,0.58,0.0008,"[0, 2]",[1],10363.609132617155,0.03636091326171553,-0.016041783806489046,1.2133775026353268,26,0.0011,13,0,13,0.011310344827586206,0.011310344827586206,0.0,5.000520713913315e-06,0.0003857192781366826,0.48368792348983186
64,10000.0,0.0006,5.0,0.004,-0.004,6,6,1.0,False,0.58,0.001,"[0, 2]",[1],10363.609132617155,0.03636091326171553,-0.016041783806489046,1.2133775026353268,26,0.0011,13,0,13,0.011310344827586206,0.011310344827586206,0.0,5.000520713913315e-06,0.0003857192781366826,0.48368792348983186
64,10000.0,0.0006,5.0,0.004,-0.004,6,6,1.0,False,0.58,0.0012,"[0, 2]",[1],10363.609132617155,0.03636091326171553,-0.016041783806489046,1.2133775026353268,26,0.0011,13,0,13,0.011310344827586206,0.011310344827586206,0.0,5.000520713913315e-06,0.0003857192781366826,0.48368792348983186
64,10000.0,0.0006,5.0,0.0025,-0.004,3,2,1.0,False,0.54,0.0008,"[0, 2]",[1],10550.227658654348,0.05502276586543475,-0.0330843322765108,1.105050567285832,66,0.0010999999999999994,33,0,33,0.014896551724137931,0.014896551724137931,0.0,7.594295761336746e-06,0.0006432168428577155,0.4514249166861986
64,10000.0,0.0006,5.0,0.0025,-0.004,3,2,1.0,False,0.54,0.001,"[0, 2]",[1],10550.227658654348,0.05502276586543475,-0.0330843322765108,1.105050567285832,66,0.0010999999999999994,33,0,33,0.014896551724137931,0.014896551724137931,0.0,7.594295761336746e-06,0.0006432168428577155,0.4514249166861986
64,10000.0,0.0006,5.0,0.0025,-0.004,3,2,1.0,False,0.54,0.0012,"[0, 2]",[1],10550.227658654348,0.05502276586543475,-0.0330843322765108,1.105050567285832,66,0.0010999999999999994,33,0,33,0.014896551724137931,0.014896551724137931,0.0,7.594295761336746e-06,0.0006432168428577155,0.4514249166861986
64,10000.0,0.0006,5.0,0.003,-0.004,6,2,1.0,False,0.56,0.0008,"[0, 2]",[1],10561.627297154071,0.056162729715407034,-0.03913733914491135,1.103005404321273,44,0.001099999999999999,22,0,22,0.018758620689655173,0.018758620689655173,0.0,7.75292623556565e-06,0.0006578699733662342,0.44171621301703484
64,10000.0,0.0006,5.0,0.003,-0.004,6,2,1.0,False,0.56,0.001,"[0, 2]",[1],10561.627297154071,0.056162729715407034,-0.03913733914491135,1.103005404321273,44,0.001099999999999999,22,0,22,0.018758620689655173,0.018758620689655173,0.0,7.75292623556565e-06,0.0006578699733662342,0.44171621301703484
64,10000.0,0.0006,5.0,0.003,-0.004,6,2,1.0,False,0.56,0.0012,"[0, 2]",[1],10561.627297154071,0.056162729715407034,-0.03913733914491135,1.103005404321273,44,0.001099999999999999,22,0,22,0.018758620689655173,0.018758620689655173,0.0,7.75292623556565e-06,0.0006578699733662342,0.44171621301703484
64,10000.0,0.0006,5.0,0.003,-0.004,6,4,1.0,False,0.56,0.0008,"[0, 2]",[1],10561.627297154071,0.056162729715407034,-0.03913733914491135,1.103005404321273,44,0.001099999999999999,22,0,22,0.018758620689655173,0.018758620689655173,0.0,7.75292623556565e-06,0.0006578699733662342,0.44171621301703484
64,10000.0,0.0006,5.0,0.003,-0.004,6,4,1.0,False,0.56,0.001,"[0, 2]",[1],10561.627297154071,0.056162729715407034,-0.03913733914491135,1.103005404321273,44,0.001099999999999999,22,0,22,0.018758620689655173,0.018758620689655173,0.0,7.75292623556565e-06,0.0006578699733662342,0.44171621301703484
64,10000.0,0.0006,5.0,0.003,-0.004,6,4,1.0,False,0.56,0.0012,"[0, 2]",[1],10561.627297154071,0.056162729715407034,-0.03913733914491135,1.103005404321273,44,0.001099999999999999,22,0,22,0.018758620689655173,0.018758620689655173,0.0,7.75292623556565e-06,0.0006578699733662342,0.44171621301703484
64,10000.0,0.0006,5.0,0.003,-0.004,6,6,1.0,False,0.56,0.0008,"[0, 2]",[1],10561.627297154071,0.056162729715407034,-0.03913733914491135,1.103005404321273,44,0.001099999999999999,22,0,22,0.018758620689655173,0.018758620689655173,0.0,7.75292623556565e-06,0.0006578699733662342,0.44171621301703484
64,10000.0,0.0006,5.0,0.003,-0.004,6,6,1.0,False,0.56,0.001,"[0, 2]",[1],10561.627297154071,0.056162729715407034,-0.03913733914491135,1.103005404321273,44,0.001099999999999999,22,0,22,0.018758620689655173,0.018758620689655173,0.0,7.75292623556565e-06,0.0006578699733662342,0.44171621301703484
64,10000.0,0.0006,5.0,0.003,-0.004,6,6,1.0,False,0.56,0.0012,"[0, 2]",[1],10561.627297154071,0.056162729715407034,-0.03913733914491135,1.103005404321273,44,0.001099999999999999,22,0,22,0.018758620689655173,0.018758620689655173,0.0,7.75292623556565e-06,0.0006578699733662342,0.44171621301703484
64,10000.0,0.0006,5.0,0.0025,-0.004,3,4,1.0,False,0.54,0.0008,"[0, 2]",[1],10589.882158477369,0.058988215847736836,-0.036207908494526014,1.069577127704983,66,0.0010999999999999994,33,0,33,0.019172413793103447,0.019172413793103447,0.0,8.15960591949174e-06,0.000714017950649186,0.43933739440665004
64,10000.0,0.0006,5.0,0.0025,-0.004,3,4,1.0,False,0.54,0.001,"[0, 2]",[1],10589.882158477369,0.058988215847736836,-0.036207908494526014,1.069577127704983,66,0.0010999999999999994,33,0,33,0.019172413793103447,0.019172413793103447,0.0,8.15960591949174e-06,0.000714017950649186,0.43933739440665004
64,10000.0,0.0006,5.0,0.0025,-0.004,3,4,1.0,False,0.54,0.0012,"[0, 2]",[1],10589.882158477369,0.058988215847736836,-0.036207908494526014,1.069577127704983,66,0.0010999999999999994,33,0,33,0.019172413793103447,0.019172413793103447,0.0,8.15960591949174e-06,0.000714017950649186,0.43933739440665004
64,10000.0,0.0006,5.0,0.0025,-0.004,3,6,1.0,False,0.58,0.0008,"[0, 2]",[1],10518.102305719007,0.051810230571900595,-0.023264642629043732,1.0516450600466252,38,0.0010999999999999994,19,0,19,0.016413793103448277,0.016413793103448277,0.0,7.170412817876049e-06,0.0006381562495698703,0.43472393648092694
64,10000.0,0.0006,5.0,0.0025,-0.004,3,6,1.0,False,0.58,0.001,"[0, 2]",[1],10518.102305719007,0.051810230571900595,-0.023264642629043732,1.0516450600466252,38,0.0010999999999999994,19,0,19,0.016413793103448277,0.016413793103448277,0.0,7.170412817876049e-06,0.0006381562495698703,0.43472393648092694
64,10000.0,0.0006,5.0,0.0025,-0.004,3,6,1.0,False,0.58,0.0012,"[0, 2]",[1],10518.102305719007,0.051810230571900595,-0.023264642629043732,1.0516450600466252,38,0.0010999999999999994,19,0,19,0.016413793103448277,0.016413793103448277,0.0,7.170412817876049e-06,0.0006381562495698703,0.43472393648092694
64,10000.0,0.0006,5.0,0.0025,-0.004,6,2,1.0,False,0.58,0.0008,"[0, 2]",[1],10518.102305719007,0.051810230571900595,-0.023264642629043732,1.0516450600466252,38,0.0010999999999999994,19,0,19,0.016413793103448277,0.016413793103448277,0.0,7.170412817876049e-06,0.0006381562495698703,0.43472393648092694
64,10000.0,0.0006,5.0,0.0025,-0.004,6,2,1.0,False,0.58,0.001,"[0, 2]",[1],10518.102305719007,0.051810230571900595,-0.023264642629043732,1.0516450600466252,38,0.0010999999999999994,19,0,19,0.016413793103448277,0.016413793103448277,0.0,7.170412817876049e-06,0.0006381562495698703,0.43472393648092694
64,10000.0,0.0006,5.0,0.0025,-0.004,6,2,1.0,False,0.58,0.0012,"[0, 2]",[1],10518.102305719007,0.051810230571900595,-0.023264642629043732,1.0516450600466252,38,0.0010999999999999994,19,0,19,0.016413793103448277,0.016413793103448277,0.0,7.170412817876049e-06,0.0006381562495698703,0.43472393648092694
64,10000.0,0.0006,5.0,0.0025,-0.004,6,4,1.0,False,0.58,0.0008,"[0, 2]",[1],10518.102305719007,0.051810230571900595,-0.023264642629043732,1.0516450600466252,38,0.0010999999999999994,19,0,19,0.016413793103448277,0.016413793103448277,0.0,7.170412817876049e-06,0.0006381562495698703,0.43472393648092694
64,10000.0,0.0006,5.0,0.0025,-0.004,6,4,1.0,False,0.58,0.001,"[0, 2]",[1],10518.102305719007,0.051810230571900595,-0.023264642629043732,1.0516450600466252,38,0.0010999999999999994,19,0,19,0.016413793103448277,0.016413793103448277,0.0,7.170412817876049e-06,0.0006381562495698703,0.43472393648092694
64,10000.0,0.0006,5.0,0.0025,-0.004,6,4,1.0,False,0.58,0.0012,"[0, 2]",[1],10518.102305719007,0.051810230571900595,-0.023264642629043732,1.0516450600466252,38,0.0010999999999999994,19,0,19,0.016413793103448277,0.016413793103448277,0.0,7.170412817876049e-06,0.0006381562495698703,0.43472393648092694
64,10000.0,0.0006,5.0,0.0025,-0.004,6,6,1.0,False,0.58,0.0008,"[0, 2]",[1],10518.102305719007,0.051810230571900595,-0.023264642629043732,1.0516450600466252,38,0.0010999999999999994,19,0,19,0.016413793103448277,0.016413793103448277,0.0,7.170412817876049e-06,0.0006381562495698703,0.43472393648092694
64,10000.0,0.0006,5.0,0.0025,-0.004,6,6,1.0,False,0.58,0.001,"[0, 2]",[1],10518.102305719007,0.051810230571900595,-0.023264642629043732,1.0516450600466252,38,0.0010999999999999994,19,0,19,0.016413793103448277,0.016413793103448277,0.0,7.170412817876049e-06,0.0006381562495698703,0.43472393648092694
64,10000.0,0.0006,5.0,0.0025,-0.004,6,6,1.0,False,0.58,0.0012,"[0, 2]",[1],10518.102305719007,0.051810230571900595,-0.023264642629043732,1.0516450600466252,38,0.0010999999999999994,19,0,19,0.016413793103448277,0.016413793103448277,0.0,7.170412817876049e-06,0.0006381562495698703,0.43472393648092694
64,10000.0,0.0006,5.0,0.004,-0.004,3,2,1.0,False,0.58,0.0008,"[0, 2]",[1],10396.067014675562,0.03960670146755629,-0.0090267592384812,1.6081806623495334,28,0.0011,14,0,14,0.006482758620689655,0.006482758620689655,0.0,5.406960177116579e-06,0.0003146809034988772,0.4048569171004732
64,10000.0,0.0006,5.0,0.004,-0.004,3,2,1.0,False,0.58,0.001,"[0, 2]",[1],10396.067014675562,0.03960670146755629,-0.0090267592384812,1.6081806623495334,28,0.0011,14,0,14,0.006482758620689655,0.006482758620689655,0.0,5.406960177116579e-06,0.0003146809034988772,0.4048569171004732
64,10000.0,0.0006,5.0,0.004,-0.004,3,2,1.0,False,0.58,0.0012,"[0, 2]",[1],10396.067014675562,0.03960670146755629,-0.0090267592384812,1.6081806623495334,28,0.0011,14,0,14,0.006482758620689655,0.006482758620689655,0.0,5.406960177116579e-06,0.0003146809034988772,0.4048569171004732
64,10000.0,0.0006,5.0,0.0025,-0.004,3,6,1.0,False,0.56,0.0008,"[0, 2]",[1],10384.392804527055,0.03843928045270539,-0.03913733914491135,0.7258163140150149,50,0.0010999999999999988,25,0,25,0.021241379310344827,0.021241379310344827,0.0,5.449060313722411e-06,0.0007026627685986103,0.3999513200758009
64,10000.0,0.0006,5.0,0.0025,-0.004,3,6,1.0,False,0.56,0.001,"[0, 2]",[1],10384.392804527055,0.03843928045270539,-0.03913733914491135,0.7258163140150149,50,0.0010999999999999988,25,0,25,0.021241379310344827,0.021241379310344827,0.0,5.449060313722411e-06,0.0007026627685986103,0.3999513200758009
64,10000.0,0.0006,5.0,0.0025,-0.004,3,6,1.0,False,0.56,0.0012,"[0, 2]",[1],10384.392804527055,0.03843928045270539,-0.03913733914491135,0.7258163140150149,50,0.0010999999999999988,25,0,25,0.021241379310344827,0.021241379310344827,0.0,5.449060313722411e-06,0.0007026627685986103,0.3999513200758009
64,10000.0,0.0006,5.0,0.003,-0.004,9,2,1.0,False,0.56,0.0008,"[0, 2]",[1],10442.372317779233,0.04423723177792316,-0.05641462070601786,0.6962060048442291,44,0.001099999999999999,22,0,22,0.027586206896551724,0.027586206896551724,0.0,6.332539691929631e-06,0.0008513187700026175,0.3679854563438483
64,10000.0,0.0006,5.0,0.003,-0.004,9,2,1.0,False,0.56,0.001,"[0, 2]",[1],10442.372317779233,0.04423723177792316,-0.05641462070601786,0.6962060048442291,44,0.001099999999999999,22,0,22,0.027586206896551724,0.027586206896551724,0.0,6.332539691929631e-06,0.0008513187700026175,0.3679854563438483
64,10000.0,0.0006,5.0,0.003,-0.004,9,2,1.0,False,0.56,0.0012,"[0, 2]",[1],10442.372317779233,0.04423723177792316,-0.05641462070601786,0.6962060048442291,44,0.001099999999999999,22,0,22,0.027586206896551724,0.027586206896551724,0.0,6.332539691929631e-06,0.0008513187700026175,0.3679854563438483
64,10000.0,0.0006,5.0,0.003,-0.004,9,4,1.0,False,0.56,0.0008,"[0, 2]",[1],10442.372317779233,0.04423723177792316,-0.05641462070601786,0.6962060048442291,44,0.001099999999999999,22,0,22,0.027586206896551724,0.027586206896551724,0.0,6.332539691929631e-06,0.0008513187700026175,0.3679854563438483
64,10000.0,0.0006,5.0,0.003,-0.004,9,4,1.0,False,0.56,0.001,"[0, 2]",[1],10442.372317779233,0.04423723177792316,-0.05641462070601786,0.6962060048442291,44,0.001099999999999999,22,0,22,0.027586206896551724,0.027586206896551724,0.0,6.332539691929631e-06,0.0008513187700026175,0.3679854563438483
64,10000.0,0.0006,5.0,0.003,-0.004,9,4,1.0,False,0.56,0.0012,"[0, 2]",[1],10442.372317779233,0.04423723177792316,-0.05641462070601786,0.6962060048442291,44,0.001099999999999999,22,0,22,0.027586206896551724,0.027586206896551724,0.0,6.332539691929631e-06,0.0008513187700026175,0.3679854563438483
64,10000.0,0.0006,5.0,0.003,-0.004,9,6,1.0,False,0.56,0.0008,"[0, 2]",[1],10442.372317779233,0.04423723177792316,-0.05641462070601786,0.6962060048442291,44,0.001099999999999999,22,0,22,0.027586206896551724,0.027586206896551724,0.0,6.332539691929631e-06,0.0008513187700026175,0.3679854563438483
64,10000.0,0.0006,5.0,0.003,-0.004,9,6,1.0,False,0.56,0.001,"[0, 2]",[1],10442.372317779233,0.04423723177792316,-0.05641462070601786,0.6962060048442291,44,0.001099999999999999,22,0,22,0.027586206896551724,0.027586206896551724,0.0,6.332539691929631e-06,0.0008513187700026175,0.3679854563438483
64,10000.0,0.0006,5.0,0.003,-0.004,9,6,1.0,False,0.56,0.0012,"[0, 2]",[1],10442.372317779233,0.04423723177792316,-0.05641462070601786,0.6962060048442291,44,0.001099999999999999,22,0,22,0.027586206896551724,0.027586206896551724,0.0,6.332539691929631e-06,0.0008513187700026175,0.3679854563438483
64,10000.0,0.0006,5.0,0.0035,-0.004,9,2,1.0,False,0.54,0.0008,"[0, 2]",[1],10498.240312034482,0.04982403120344814,-0.06938297345143303,0.6987784386509479,54,0.0010999999999999985,27,0,27,0.0336551724137931,0.0336551724137931,0.0,7.166021876369771e-06,0.0009598219703031523,0.36009536603295234
64,10000.0,0.0006,5.0,0.0035,-0.004,9,2,1.0,False,0.54,0.001,"[0, 2]",[1],10498.240312034482,0.04982403120344814,-0.06938297345143303,0.6987784386509479,54,0.0010999999999999985,27,0,27,0.0336551724137931,0.0336551724137931,0.0,7.166021876369771e-06,0.0009598219703031523,0.36009536603295234
64,10000.0,0.0006,5.0,0.0035,-0.004,9,2,1.0,False,0.54,0.0012,"[0, 2]",[1],10498.240312034482,0.04982403120344814,-0.06938297345143303,0.6987784386509479,54,0.0010999999999999985,27,0,27,0.0336551724137931,0.0336551724137931,0.0,7.166021876369771e-06,0.0009598219703031523,0.36009536603295234
64,10000.0,0.0006,5.0,0.0035,-0.004,9,4,1.0,False,0.54,0.0008,"[0, 2]",[1],10498.240312034482,0.04982403120344814,-0.06938297345143303,0.6987784386509479,54,0.0010999999999999985,27,0,27,0.0336551724137931,0.0336551724137931,0.0,7.166021876369771e-06,0.0009598219703031523,0.36009536603295234
64,10000.0,0.0006,5.0,0.0035,-0.004,9,4,1.0,False,0.54,0.001,"[0, 2]",[1],10498.240312034482,0.04982403120344814,-0.06938297345143303,0.6987784386509479,54,0.0010999999999999985,27,0,27,0.0336551724137931,0.0336551724137931,0.0,7.166021876369771e-06,0.0009598219703031523,0.36009536603295234
64,10000.0,0.0006,5.0,0.0035,-0.004,9,4,1.0,False,0.54,0.0012,"[0, 2]",[1],10498.240312034482,0.04982403120344814,-0.06938297345143303,0.6987784386509479,54,0.0010999999999999985,27,0,27,0.0336551724137931,0.0336551724137931,0.0,7.166021876369771e-06,0.0009598219703031523,0.36009536603295234
64,10000.0,0.0006,5.0,0.0035,-0.004,9,6,1.0,False,0.54,0.0008,"[0, 2]",[1],10498.240312034482,0.04982403120344814,-0.06938297345143303,0.6987784386509479,54,0.0010999999999999985,27,0,27,0.0336551724137931,0.0336551724137931,0.0,7.166021876369771e-06,0.0009598219703031523,0.36009536603295234
64,10000.0,0.0006,5.0,0.0035,-0.004,9,6,1.0,False,0.54,0.001,"[0, 2]",[1],10498.240312034482,0.04982403120344814,-0.06938297345143303,0.6987784386509479,54,0.0010999999999999985,27,0,27,0.0336551724137931,0.0336551724137931,0.0,7.166021876369771e-06,0.0009598219703031523,0.36009536603295234
64,10000.0,0.0006,5.0,0.0035,-0.004,9,6,1.0,False,0.54,0.0012,"[0, 2]",[1],10498.240312034482,0.04982403120344814,-0.06938297345143303,0.6987784386509479,54,0.0010999999999999985,27,0,27,0.0336551724137931,0.0336551724137931,0.0,7.166021876369771e-06,0.0009598219703031523,0.36009536603295234
64,10000.0,0.0006,5.0,0.0035,-0.004,3,6,1.0,False,0.56,0.0008,"[0, 2]",[1],10484.685115794444,0.04846851157944432,-0.03913733914491135,0.9648216028104303,42,0.0010999999999999992,21,0,21,0.01793103448275862,0.01793103448275862,0.0,6.741892744952165e-06,0.0006540137413313905,0.3495416578537253
64,10000.0,0.0006,5.0,0.0035,-0.004,3,6,1.0,False,0.56,0.001,"[0, 2]",[1],10484.685115794444,0.04846851157944432,-0.03913733914491135,0.9648216028104303,42,0.0010999999999999992,21,0,21,0.01793103448275862,0.01793103448275862,0.0,6.741892744952165e-06,0.0006540137413313905,0.3495416578537253
64,10000.0,0.0006,5.0,0.0035,-0.004,3,6,1.0,False,0.56,0.0012,"[0, 2]",[1],10484.685115794444,0.04846851157944432,-0.03913733914491135,0.9648216028104303,42,0.0010999999999999992,21,0,21,0.01793103448275862,0.01793103448275862,0.0,6.741892744952165e-06,0.0006540137413313905,0.3495416578537253
64,10000.0,0.0006,5.0,0.0035,-0.004,6,2,1.0,False,0.56,0.0008,"[0, 2]",[1],10484.685115794444,0.04846851157944432,-0.03913733914491135,0.9648216028104303,42,0.0010999999999999992,21,0,21,0.01793103448275862,0.01793103448275862,0.0,6.741892744952165e-06,0.0006540137413313905,0.3495416578537253
64,10000.0,0.0006,5.0,0.0035,-0.004,6,2,1.0,False,0.56,0.001,"[0, 2]",[1],10484.685115794444,0.04846851157944432,-0.03913733914491135,0.9648216028104303,42,0.0010999999999999992,21,0,21,0.01793103448275862,0.01793103448275862,0.0,6.741892744952165e-06,0.0006540137413313905,0.3495416578537253
64,10000.0,0.0006,5.0,0.0035,-0.004,6,2,1.0,False,0.56,0.0012,"[0, 2]",[1],10484.685115794444,0.04846851157944432,-0.03913733914491135,0.9648216028104303,42,0.0010999999999999992,21,0,21,0.01793103448275862,0.01793103448275862,0.0,6.741892744952165e-06,0.0006540137413313905,0.3495416578537253
64,10000.0,0.0006,5.0,0.0035,-0.004,6,4,1.0,False,0.56,0.0008,"[0, 2]",[1],10484.685115794444,0.04846851157944432,-0.03913733914491135,0.9648216028104303,42,0.0010999999999999992,21,0,21,0.01793103448275862,0.01793103448275862,0.0,6.741892744952165e-06,0.0006540137413313905,0.3495416578537253
64,10000.0,0.0006,5.0,0.0035,-0.004,6,4,1.0,False,0.56,0.001,"[0, 2]",[1],10484.685115794444,0.04846851157944432,-0.03913733914491135,0.9648216028104303,42,0.0010999999999999992,21,0,21,0.01793103448275862,0.01793103448275862,0.0,6.741892744952165e-06,0.0006540137413313905,0.3495416578537253
64,10000.0,0.0006,5.0,0.0035,-0.004,6,4,1.0,False,0.56,0.0012,"[0, 2]",[1],10484.685115794444,0.04846851157944432,-0.03913733914491135,0.9648216028104303,42,0.0010999999999999992,21,0,21,0.01793103448275862,0.01793103448275862,0.0,6.741892744952165e-06,0.0006540137413313905,0.3495416578537253
64,10000.0,0.0006,5.0,0.0035,-0.004,6,6,1.0,False,0.56,0.0008,"[0, 2]",[1],10484.685115794444,0.04846851157944432,-0.03913733914491135,0.9648216028104303,42,0.0010999999999999992,21,0,21,0.01793103448275862,0.01793103448275862,0.0,6.741892744952165e-06,0.0006540137413313905,0.3495416578537253
64,10000.0,0.0006,5.0,0.0035,-0.004,6,6,1.0,False,0.56,0.001,"[0, 2]",[1],10484.685115794444,0.04846851157944432,-0.03913733914491135,0.9648216028104303,42,0.0010999999999999992,21,0,21,0.01793103448275862,0.01793103448275862,0.0,6.741892744952165e-06,0.0006540137413313905,0.3495416578537253
64,10000.0,0.0006,5.0,0.0035,-0.004,6,6,1.0,False,0.56,0.0012,"[0, 2]",[1],10484.685115794444,0.04846851157944432,-0.03913733914491135,0.9648216028104303,42,0.0010999999999999992,21,0,21,0.01793103448275862,0.01793103448275862,0.0,6.741892744952165e-06,0.0006540137413313905,0.3495416578537253
64,10000.0,0.0006,5.0,0.003,-0.004,9,2,1.0,False,0.58,0.0008,"[0, 2]",[1],10324.7715821117,0.03247715821117003,-0.034075850740709124,0.6012445340653731,34,0.0010999999999999996,17,0,17,0.021241379310344827,0.021241379310344827,0.0,4.672526898750056e-06,0.0007273655403287258,0.3299020401847784
64,10000.0,0.0006,5.0,0.003,-0.004,9,2,1.0,False,0.58,0.001,"[0, 2]",[1],10324.7715821117,0.03247715821117003,-0.034075850740709124,0.6012445340653731,34,0.0010999999999999996,17,0,17,0.021241379310344827,0.021241379310344827,0.0,4.672526898750056e-06,0.0007273655403287258,0.3299020401847784
64,10000.0,0.0006,5.0,0.003,-0.004,9,2,1.0,False,0.58,0.0012,"[0, 2]",[1],10324.7715821117,0.03247715821117003,-0.034075850740709124,0.6012445340653731,34,0.0010999999999999996,17,0,17,0.021241379310344827,0.021241379310344827,0.0,4.672526898750056e-06,0.0007273655403287258,0.3299020401847784
64,10000.0,0.0006,5.0,0.003,-0.004,9,4,1.0,False,0.58,0.0008,"[0, 2]",[1],10324.7715821117,0.03247715821117003,-0.034075850740709124,0.6012445340653731,34,0.0010999999999999996,17,0,17,0.021241379310344827,0.021241379310344827,0.0,4.672526898750056e-06,0.0007273655403287258,0.3299020401847784
64,10000.0,0.0006,5.0,0.003,-0.004,9,4,1.0,False,0.58,0.001,"[0, 2]",[1],10324.7715821117,0.03247715821117003,-0.034075850740709124,0.6012445340653731,34,0.0010999999999999996,17,0,17,0.021241379310344827,0.021241379310344827,0.0,4.672526898750056e-06,0.0007273655403287258,0.3299020401847784
64,10000.0,0.0006,5.0,0.003,-0.004,9,4,1.0,False,0.58,0.0012,"[0, 2]",[1],10324.7715821117,0.03247715821117003,-0.034075850740709124,0.6012445340653731,34,0.0010999999999999996,17,0,17,0.021241379310344827,0.021241379310344827,0.0,4.672526898750056e-06,0.0007273655403287258,0.3299020401847784
64,10000.0,0.0006,5.0,0.003,-0.004,9,6,1.0,False,0.58,0.0008,"[0, 2]",[1],10324.7715821117,0.03247715821117003,-0.034075850740709124,0.6012445340653731,34,0.0010999999999999996,17,0,17,0.021241379310344827,0.021241379310344827,0.0,4.672526898750056e-06,0.0007273655403287258,0.3299020401847784
64,10000.0,0.0006,5.0,0.003,-0.004,9,6,1.0,False,0.58,0.001,"[0, 2]",[1],10324.7715821117,0.03247715821117003,-0.034075850740709124,0.6012445340653731,34,0.0010999999999999996,17,0,17,0.021241379310344827,0.021241379310344827,0.0,4.672526898750056e-06,0.0007273655403287258,0.3299020401847784
64,10000.0,0.0006,5.0,0.003,-0.004,9,6,1.0,False,0.58,0.0012,"[0, 2]",[1],10324.7715821117,0.03247715821117003,-0.034075850740709124,0.6012445340653731,34,0.0010999999999999996,17,0,17,0.021241379310344827,0.021241379310344827,0.0,4.672526898750056e-06,0.0007273655403287258,0.3299020401847784
64,10000.0,0.0006,5.0,0.0035,-0.004,3,4,1.0,False,0.54,0.0008,"[0, 2]",[1],10467.688900246196,0.04676889002461948,-0.041871148536891306,0.9145640227255712,56,0.0010999999999999985,28,0,28,0.016275862068965516,0.016275862068965516,0.0,6.527078435085293e-06,0.0006679697136885892,0.31384638436286133
64,10000.0,0.0006,5.0,0.0035,-0.004,3,4,1.0,False,0.54,0.001,"[0, 2]",[1],10467.688900246196,0.04676889002461948,-0.041871148536891306,0.9145640227255712,56,0.0010999999999999985,28,0,28,0.016275862068965516,0.016275862068965516,0.0,6.527078435085293e-06,0.0006679697136885892,0.31384638436286133
64,10000.0,0.0006,5.0,0.0035,-0.004,3,4,1.0,False,0.54,0.0012,"[0, 2]",[1],10467.688900246196,0.04676889002461948,-0.041871148536891306,0.9145640227255712,56,0.0010999999999999985,28,0,28,0.016275862068965516,0.016275862068965516,0.0,6.527078435085293e-06,0.0006679697136885892,0.31384638436286133
64,10000.0,0.0006,5.0,0.0035,-0.004,3,2,1.0,False,0.54,0.0008,"[0, 2]",[1],10416.533655405865,0.04165336554058641,-0.03620790849452582,0.9135746721227699,56,0.0010999999999999985,28,0,28,0.012551724137931035,0.012551724137931035,0.0,5.805342113560237e-06,0.0005947518759095196,0.30933161569409257
64,10000.0,0.0006,5.0,0.0035,-0.004,3,2,1.0,False,0.54,0.001,"[0, 2]",[1],10416.533655405865,0.04165336554058641,-0.03620790849452582,0.9135746721227699,56,0.0010999999999999985,28,0,28,0.012551724137931035,0.012551724137931035,0.0,5.805342113560237e-06,0.0005947518759095196,0.30933161569409257
64,10000.0,0.0006,5.0,0.0035,-0.004,3,2,1.0,False,0.54,0.0012,"[0, 2]",[1],10416.533655405865,0.04165336554058641,-0.03620790849452582,0.9135746721227699,56,0.0010999999999999985,28,0,28,0.012551724137931035,0.012551724137931035,0.0,5.805342113560237e-06,0.0005947518759095196,0.30933161569409257
64,10000.0,0.0006,5.0,0.004,-0.004,3,6,1.0,False,0.54,0.0008,"[0, 2]",[1],10456.331114124985,0.045633111412498595,-0.04549995441933704,0.9228924100711667,44,0.001099999999999999,22,0,22,0.019172413793103447,0.019172413793103447,0.0,6.361834239075136e-06,0.0006451836125153165,0.30734563043440516
64,10000.0,0.0006,5.0,0.004,-0.004,3,6,1.0,False,0.54,0.001,"[0, 2]",[1],10456.331114124985,0.045633111412498595,-0.04549995441933704,0.9228924100711667,44,0.001099999999999999,22,0,22,0.019172413793103447,0.019172413793103447,0.0,6.361834239075136e-06,0.0006451836125153165,0.30734563043440516
64,10000.0,0.0006,5.0,0.004,-0.004,3,6,1.0,False,0.54,0.0012,"[0, 2]",[1],10456.331114124985,0.045633111412498595,-0.04549995441933704,0.9228924100711667,44,0.001099999999999999,22,0,22,0.019172413793103447,0.019172413793103447,0.0,6.361834239075136e-06,0.0006451836125153165,0.30734563043440516
64,10000.0,0.0006,5.0,0.004,-0.004,6,2,1.0,False,0.54,0.0008,"[0, 2]",[1],10456.331114124985,0.045633111412498595,-0.04549995441933704,0.9228924100711667,44,0.001099999999999999,22,0,22,0.019172413793103447,0.019172413793103447,0.0,6.361834239075136e-06,0.0006451836125153165,0.30734563043440516
64,10000.0,0.0006,5.0,0.004,-0.004,6,2,1.0,False,0.54,0.001,"[0, 2]",[1],10456.331114124985,0.045633111412498595,-0.04549995441933704,0.9228924100711667,44,0.001099999999999999,22,0,22,0.019172413793103447,0.019172413793103447,0.0,6.361834239075136e-06,0.0006451836125153165,0.30734563043440516
64,10000.0,0.0006,5.0,0.004,-0.004,6,2,1.0,False,0.54,0.0012,"[0, 2]",[1],10456.331114124985,0.045633111412498595,-0.04549995441933704,0.9228924100711667,44,0.001099999999999999,22,0,22,0.019172413793103447,0.019172413793103447,0.0,6.361834239075136e-06,0.0006451836125153165,0.30734563043440516
64,10000.0,0.0006,5.0,0.004,-0.004,6,4,1.0,False,0.54,0.0008,"[0, 2]",[1],10456.331114124985,0.045633111412498595,-0.04549995441933704,0.9228924100711667,44,0.001099999999999999,22,0,22,0.019172413793103447,0.019172413793103447,0.0,6.361834239075136e-06,0.0006451836125153165,0.30734563043440516
64,10000.0,0.0006,5.0,0.004,-0.004,6,4,1.0,False,0.54,0.001,"[0, 2]",[1],10456.331114124985,0.045633111412498595,-0.04549995441933704,0.9228924100711667,44,0.001099999999999999,22,0,22,0.019172413793103447,0.019172413793103447,0.0,6.361834239075136e-06,0.0006451836125153165,0.30734563043440516
64,10000.0,0.0006,5.0,0.004,-0.004,6,4,1.0,False,0.54,0.0012,"[0, 2]",[1],10456.331114124985,0.045633111412498595,-0.04549995441933704,0.9228924100711667,44,0.001099999999999999,22,0,22,0.019172413793103447,0.019172413793103447,0.0,6.361834239075136e-06,0.0006451836125153165,0.30734563043440516
64,10000.0,0.0006,5.0,0.004,-0.004,6,6,1.0,False,0.54,0.0008,"[0, 2]",[1],10456.331114124985,0.045633111412498595,-0.04549995441933704,0.9228924100711667,44,0.001099999999999999,22,0,22,0.019172413793103447,0.019172413793103447,0.0,6.361834239075136e-06,0.0006451836125153165,0.30734563043440516
64,10000.0,0.0006,5.0,0.004,-0.004,6,6,1.0,False,0.54,0.001,"[0, 2]",[1],10456.331114124985,0.045633111412498595,-0.04549995441933704,0.9228924100711667,44,0.001099999999999999,22,0,22,0.019172413793103447,0.019172413793103447,0.0,6.361834239075136e-06,0.0006451836125153165,0.30734563043440516
64,10000.0,0.0006,5.0,0.004,-0.004,6,6,1.0,False,0.54,0.0012,"[0, 2]",[1],10456.331114124985,0.045633111412498595,-0.04549995441933704,0.9228924100711667,44,0.001099999999999999,22,0,22,0.019172413793103447,0.019172413793103447,0.0,6.361834239075136e-06,0.0006451836125153165,0.30734563043440516
64,10000.0,0.0006,5.0,0.004,-0.004,3,6,1.0,False,0.56,0.0008,"[0, 2]",[1],10315.732662963386,0.03157326629633861,-0.028618016759786997,0.9303359693836094,32,0.0010999999999999998,16,0,16,0.013793103448275862,0.013793103448275862,0.0,4.384780477576519e-06,0.000441123400080202,0.3026517500612465
64,10000.0,0.0006,5.0,0.004,-0.004,3,6,1.0,False,0.56,0.001,"[0, 2]",[1],10315.732662963386,0.03157326629633861,-0.028618016759786997,0.9303359693836094,32,0.0010999999999999998,16,0,16,0.013793103448275862,0.013793103448275862,0.0,4.384780477576519e-06,0.000441123400080202,0.3026517500612465
64,10000.0,0.0006,5.0,0.004,-0.004,3,6,1.0,False,0.56,0.0012,"[0, 2]",[1],10315.732662963386,0.03157326629633861,-0.028618016759786997,0.9303359693836094,32,0.0010999999999999998,16,0,16,0.013793103448275862,0.013793103448275862,0.0,4.384780477576519e-06,0.000441123400080202,0.3026517500612465
64,10000.0,0.0006,5.0,0.004,-0.004,6,2,1.0,False,0.56,0.0008,"[0, 2]",[1],10315.732662963386,0.03157326629633861,-0.028618016759786997,0.9303359693836094,32,0.0010999999999999998,16,0,16,0.013793103448275862,0.013793103448275862,0.0,4.384780477576519e-06,0.000441123400080202,0.3026517500612465
64,10000.0,0.0006,5.0,0.004,-0.004,6,2,1.0,False,0.56,0.001,"[0, 2]",[1],10315.732662963386,0.03157326629633861,-0.028618016759786997,0.9303359693836094,32,0.0010999999999999998,16,0,16,0.013793103448275862,0.013793103448275862,0.0,4.384780477576519e-06,0.000441123400080202,0.3026517500612465
64,10000.0,0.0006,5.0,0.004,-0.004,6,2,1.0,False,0.56,0.0012,"[0, 2]",[1],10315.732662963386,0.03157326629633861,-0.028618016759786997,0.9303359693836094,32,0.0010999999999999998,16,0,16,0.013793103448275862,0.013793103448275862,0.0,4.384780477576519e-06,0.000441123400080202,0.3026517500612465
64,10000.0,0.0006,5.0,0.004,-0.004,6,4,1.0,False,0.56,0.0008,"[0, 2]",[1],10315.732662963386,0.03157326629633861,-0.028618016759786997,0.9303359693836094,32,0.0010999999999999998,16,0,16,0.013793103448275862,0.013793103448275862,0.0,4.384780477576519e-06,0.000441123400080202,0.3026517500612465
64,10000.0,0.0006,5.0,0.004,-0.004,6,4,1.0,False,0.56,0.001,"[0, 2]",[1],10315.732662963386,0.03157326629633861,-0.028618016759786997,0.9303359693836094,32,0.0010999999999999998,16,0,16,0.013793103448275862,0.013793103448275862,0.0,4.384780477576519e-06,0.000441123400080202,0.3026517500612465
64,10000.0,0.0006,5.0,0.004,-0.004,6,4,1.0,False,0.56,0.0012,"[0, 2]",[1],10315.732662963386,0.03157326629633861,-0.028618016759786997,0.9303359693836094,32,0.0010999999999999998,16,0,16,0.013793103448275862,0.013793103448275862,0.0,4.384780477576519e-06,0.000441123400080202,0.3026517500612465
64,10000.0,0.0006,5.0,0.004,-0.004,6,6,1.0,False,0.56,0.0008,"[0, 2]",[1],10315.732662963386,0.03157326629633861,-0.028618016759786997,0.9303359693836094,32,0.0010999999999999998,16,0,16,0.013793103448275862,0.013793103448275862,0.0,4.384780477576519e-06,0.000441123400080202,0.3026517500612465
64,10000.0,0.0006,5.0,0.004,-0.004,6,6,1.0,False,0.56,0.001,"[0, 2]",[1],10315.732662963386,0.03157326629633861,-0.028618016759786997,0.9303359693836094,32,0.0010999999999999998,16,0,16,0.013793103448275862,0.013793103448275862,0.0,4.384780477576519e-06,0.000441123400080202,0.3026517500612465
64,10000.0,0.0006,5.0,0.004,-0.004,6,6,1.0,False,0.56,0.0012,"[0, 2]",[1],10315.732662963386,0.03157326629633861,-0.028618016759786997,0.9303359693836094,32,0.0010999999999999998,16,0,16,0.013793103448275862,0.013793103448275862,0.0,4.384780477576519e-06,0.000441123400080202,0.3026517500612465
64,10000.0,0.0006,5.0,0.0035,-0.004,9,2,1.0,False,0.58,0.0008,"[0, 2]",[1],10297.76202548385,0.029776202548384978,-0.03407585074070936,0.5577034525127422,32,0.0010999999999999998,16,0,16,0.02,0.02,0.0,4.308052768078713e-06,0.0007229857446496878,0.30002863242010736
64,10000.0,0.0006,5.0,0.0035,-0.004,9,2,1.0,False,0.58,0.001,"[0, 2]",[1],10297.76202548385,0.029776202548384978,-0.03407585074070936,0.5577034525127422,32,0.0010999999999999998,16,0,16,0.02,0.02,0.0,4.308052768078713e-06,0.0007229857446496878,0.30002863242010736
64,10000.0,0.0006,5.0,0.0035,-0.004,9,2,1.0,False,0.58,0.0012,"[0, 2]",[1],10297.76202548385,0.029776202548384978,-0.03407585074070936,0.5577034525127422,32,0.0010999999999999998,16,0,16,0.02,0.02,0.0,4.308052768078713e-06,0.0007229857446496878,0.30002863242010736
64,10000.0,0.0006,5.0,0.0035,-0.004,9,4,1.0,False,0.58,0.0008,"[0, 2]",[1],10297.76202548385,0.029776202548384978,-0.03407585074070936,0.5577034525127422,32,0.0010999999999999998,16,0,16,0.02,0.02,0.0,4.308052768078713e-06,0.0007229857446496878,0.30002863242010736
64,10000.0,0.0006,5.0,0.0035,-0.004,9,4,1.0,False,0.58,0.001,"[0, 2]",[1],10297.76202548385,0.029776202548384978,-0.03407585074070936,0.5577034525127422,32,0.0010999999999999998,16,0,16,0.02,0.02,0.0,4.308052768078713e-06,0.0007229857446496878,0.30002863242010736
64,10000.0,0.0006,5.0,0.0035,-0.004,9,4,1.0,False,0.58,0.0012,"[0, 2]",[1],10297.76202548385,0.029776202548384978,-0.03407585074070936,0.5577034525127422,32,0.0010999999999999998,16,0,16,0.02,0.02,0.0,4.308052768078713e-06,0.0007229857446496878,0.30002863242010736
64,10000.0,0.0006,5.0,0.0035,-0.004,9,6,1.0,False,0.58,0.0008,"[0, 2]",[1],10297.76202548385,0.029776202548384978,-0.03407585074070936,0.5577034525127422,32,0.0010999999999999998,16,0,16,0.02,0.02,0.0,4.308052768078713e-06,0.0007229857446496878,0.30002863242010736
64,10000.0,0.0006,5.0,0.0035,-0.004,9,6,1.0,False,0.58,0.001,"[0, 2]",[1],10297.76202548385,0.029776202548384978,-0.03407585074070936,0.5577034525127422,32,0.0010999999999999998,16,0,16,0.02,0.02,0.0,4.308052768078713e-06,0.0007229857446496878,0.30002863242010736
64,10000.0,0.0006,5.0,0.0035,-0.004,9,6,1.0,False,0.58,0.0012,"[0, 2]",[1],10297.76202548385,0.029776202548384978,-0.03407585074070936,0.5577034525127422,32,0.0010999999999999998,16,0,16,0.02,0.02,0.0,4.308052768078713e-06,0.0007229857446496878,0.30002863242010736
64,10000.0,0.0006,5.0,0.003,-0.004,3,4,1.0,False,0.54,0.0008,"[0, 2]",[1],10451.658097678699,0.04516580976786999,-0.041871148536891306,0.8682229013792527,60,0.001099999999999999,30,0,30,0.017517241379310346,0.017517241379310346,0.0,6.325060958604552e-06,0.0006818447977890137,0.28586658291945377
64,10000.0,0.0006,5.0,0.003,-0.004,3,4,1.0,False,0.54,0.001,"[0, 2]",[1],10451.658097678699,0.04516580976786999,-0.041871148536891306,0.8682229013792527,60,0.001099999999999999,30,0,30,0.017517241379310346,0.017517241379310346,0.0,6.325060958604552e-06,0.0006818447977890137,0.28586658291945377
64,10000.0,0.0006,5.0,0.003,-0.004,3,4,1.0,False,0.54,0.0012,"[0, 2]",[1],10451.658097678699,0.04516580976786999,-0.041871148536891306,0.8682229013792527,60,0.001099999999999999,30,0,30,0.017517241379310346,0.017517241379310346,0.0,6.325060958604552e-06,0.0006818447977890137,0.28586658291945377
64,10000.0,0.0006,5.0,0.003,-0.004,3,6,1.0,False,0.56,0.0008,"[0, 2]",[1],10439.208747562892,0.04392087475628914,-0.03913733914491135,0.862422203549141,46,0.001099999999999999,23,0,23,0.019586206896551724,0.019586206896551724,0.0,6.1512968598222085e-06,0.0006675730723695933,0.28469904775361526
64,10000.0,0.0006,5.0,0.003,-0.004,3,6,1.0,False,0.56,0.001,"[0, 2]",[1],10439.208747562892,0.04392087475628914,-0.03913733914491135,0.862422203549141,46,0.001099999999999999,23,0,23,0.019586206896551724,0.019586206896551724,0.0,6.1512968598222085e-06,0.0006675730723695933,0.28469904775361526
64,10000.0,0.0006,5.0,0.003,-0.004,3,6,1.0,False,0.56,0.0012,"[0, 2]",[1],10439.208747562892,0.04392087475628914,-0.03913733914491135,0.862422203549141,46,0.001099999999999999,23,0,23,0.019586206896551724,0.019586206896551724,0.0,6.1512968598222085e-06,0.0006675730723695933,0.28469904775361526
64,10000.0,0.0006,5.0,0.0025,-0.004,9,2,1.0,False,0.56,0.0008,"[0, 2]",[1],10367.600884453806,0.0367600884453807,-0.05641462070601786,0.5698551674028504,46,0.001099999999999999,23,0,23,0.028965517241379312,0.028965517241379312,0.0,5.3674225743667115e-06,0.0008815629930184351,0.2823786076255316
64,10000.0,0.0006,5.0,0.0025,-0.004,9,2,1.0,False,0.56,0.001,"[0, 2]",[1],10367.600884453806,0.0367600884453807,-0.05641462070601786,0.5698551674028504,46,0.001099999999999999,23,0,23,0.028965517241379312,0.028965517241379312,0.0,5.3674225743667115e-06,0.0008815629930184351,0.2823786076255316
64,10000.0,0.0006,5.0,0.0025,-0.004,9,2,1.0,False,0.56,0.0012,"[0, 2]",[1],10367.600884453806,0.0367600884453807,-0.05641462070601786,0.5698551674028504,46,0.001099999999999999,23,0,23,0.028965517241379312,0.028965517241379312,0.0,5.3674225743667115e-06,0.0008815629930184351,0.2823786076255316
64,10000.0,0.0006,5.0,0.0025,-0.004,9,4,1.0,False,0.56,0.0008,"[0, 2]",[1],10367.600884453806,0.0367600884453807,-0.05641462070601786,0.5698551674028504,46,0.001099999999999999,23,0,23,0.028965517241379312,0.028965517241379312,0.0,5.3674225743667115e-06,0.0008815629930184351,0.2823786076255316
64,10000.0,0.0006,5.0,0.0025,-0.004,9,4,1.0,False,0.56,0.001,"[0, 2]",[1],10367.600884453806,0.0367600884453807,-0.05641462070601786,0.5698551674028504,46,0.001099999999999999,23,0,23,0.028965517241379312,0.028965517241379312,0.0,5.3674225743667115e-06,0.0008815629930184351,0.2823786076255316
64,10000.0,0.0006,5.0,0.0025,-0.004,9,4,1.0,False,0.56,0.0012,"[0, 2]",[1],10367.600884453806,0.0367600884453807,-0.05641462070601786,0.5698551674028504,46,0.001099999999999999,23,0,23,0.028965517241379312,0.028965517241379312,0.0,5.3674225743667115e-06,0.0008815629930184351,0.2823786076255316
64,10000.0,0.0006,5.0,0.0025,-0.004,9,6,1.0,False,0.56,0.0008,"[0, 2]",[1],10367.600884453806,0.0367600884453807,-0.05641462070601786,0.5698551674028504,46,0.001099999999999999,23,0,23,0.028965517241379312,0.028965517241379312,0.0,5.3674225743667115e-06,0.0008815629930184351,0.2823786076255316
64,10000.0,0.0006,5.0,0.0025,-0.004,9,6,1.0,False,0.56,0.001,"[0, 2]",[1],10367.600884453806,0.0367600884453807,-0.05641462070601786,0.5698551674028504,46,0.001099999999999999,23,0,23,0.028965517241379312,0.028965517241379312,0.0,5.3674225743667115e-06,0.0008815629930184351,0.2823786076255316
64,10000.0,0.0006,5.0,0.0025,-0.004,9,6,1.0,False,0.56,0.0012,"[0, 2]",[1],10367.600884453806,0.0367600884453807,-0.05641462070601786,0.5698551674028504,46,0.001099999999999999,23,0,23,0.028965517241379312,0.028965517241379312,0.0,5.3674225743667115e-06,0.0008815629930184351,0.2823786076255316
64,10000.0,0.0006,5.0,0.003,-0.004,3,4,1.0,False,0.58,0.0008,"[0, 2]",[1],10305.27763192031,0.030527763192030877,-0.023264642629043732,0.8022748466781685,36,0.0010999999999999994,18,0,18,0.010344827586206896,0.010344827586206896,0.0,4.272192914123001e-06,0.0004984019493265983,0.2461914276570894
64,10000.0,0.0006,5.0,0.003,-0.004,3,4,1.0,False,0.58,0.001,"[0, 2]",[1],10305.27763192031,0.030527763192030877,-0.023264642629043732,0.8022748466781685,36,0.0010999999999999994,18,0,18,0.010344827586206896,0.010344827586206896,0.0,4.272192914123001e-06,0.0004984019493265983,0.2461914276570894
64,10000.0,0.0006,5.0,0.003,-0.004,3,4,1.0,False,0.58,0.0012,"[0, 2]",[1],10305.27763192031,0.030527763192030877,-0.023264642629043732,0.8022748466781685,36,0.0010999999999999994,18,0,18,0.010344827586206896,0.010344827586206896,0.0,4.272192914123001e-06,0.0004984019493265983,0.2461914276570894
64,10000.0,0.0006,5.0,0.0025,-0.004,6,2,1.0,False,0.56,0.0008,"[0, 2]",[1],10392.492048369762,0.03924920483697614,-0.03913733914491135,0.7743808134465813,46,0.001099999999999999,23,0,23,0.019586206896551724,0.019586206896551724,0.0,5.533463597824863e-06,0.0006687973232930986,0.22666334294439633
64,10000.0,0.0006,5.0,0.0025,-0.004,6,2,1.0,False,0.56,0.001,"[0, 2]",[1],10392.492048369762,0.03924920483697614,-0.03913733914491135,0.7743808134465813,46,0.001099999999999999,23,0,23,0.019586206896551724,0.019586206896551724,0.0,5.533463597824863e-06,0.0006687973232930986,0.22666334294439633
64,10000.0,0.0006,5.0,0.0025,-0.004,6,2,1.0,False,0.56,0.0012,"[0, 2]",[1],10392.492048369762,0.03924920483697614,-0.03913733914491135,0.7743808134465813,46,0.001099999999999999,23,0,23,0.019586206896551724,0.019586206896551724,0.0,5.533463597824863e-06,0.0006687973232930986,0.22666334294439633
64,10000.0,0.0006,5.0,0.0025,-0.004,6,4,1.0,False,0.56,0.0008,"[0, 2]",[1],10392.492048369762,0.03924920483697614,-0.03913733914491135,0.7743808134465813,46,0.001099999999999999,23,0,23,0.019586206896551724,0.019586206896551724,0.0,5.533463597824863e-06,0.0006687973232930986,0.22666334294439633
64,10000.0,0.0006,5.0,0.0025,-0.004,6,4,1.0,False,0.56,0.001,"[0, 2]",[1],10392.492048369762,0.03924920483697614,-0.03913733914491135,0.7743808134465813,46,0.001099999999999999,23,0,23,0.019586206896551724,0.019586206896551724,0.0,5.533463597824863e-06,0.0006687973232930986,0.22666334294439633
64,10000.0,0.0006,5.0,0.0025,-0.004,6,4,1.0,False,0.56,0.0012,"[0, 2]",[1],10392.492048369762,0.03924920483697614,-0.03913733914491135,0.7743808134465813,46,0.001099999999999999,23,0,23,0.019586206896551724,0.019586206896551724,0.0,5.533463597824863e-06,0.0006687973232930986,0.22666334294439633
64,10000.0,0.0006,5.0,0.0025,-0.004,6,6,1.0,False,0.56,0.0008,"[0, 2]",[1],10392.492048369762,0.03924920483697614,-0.03913733914491135,0.7743808134465813,46,0.001099999999999999,23,0,23,0.019586206896551724,0.019586206896551724,0.0,5.533463597824863e-06,0.0006687973232930986,0.22666334294439633
64,10000.0,0.0006,5.0,0.0025,-0.004,6,6,1.0,False,0.56,0.001,"[0, 2]",[1],10392.492048369762,0.03924920483697614,-0.03913733914491135,0.7743808134465813,46,0.001099999999999999,23,0,23,0.019586206896551724,0.019586206896551724,0.0,5.533463597824863e-06,0.0006687973232930986,0.22666334294439633
64,10000.0,0.0006,5.0,0.0025,-0.004,6,6,1.0,False,0.56,0.0012,"[0, 2]",[1],10392.492048369762,0.03924920483697614,-0.03913733914491135,0.7743808134465813,46,0.001099999999999999,23,0,23,0.019586206896551724,0.019586206896551724,0.0,5.533463597824863e-06,0.0006687973232930986,0.22666334294439633
64,10000.0,0.0006,5.0,0.003,-0.004,3,2,1.0,False,0.54,0.0008,"[0, 2]",[1],10357.035056659017,0.035703505665901636,-0.03620790849452582,0.7701052344475557,60,0.001099999999999999,30,0,30,0.013655172413793104,0.013655172413793104,0.0,5.024853018251079e-06,0.0006106963727661364,0.21974731723243113
64,10000.0,0.0006,5.0,0.003,-0.004,3,2,1.0,False,0.54,0.001,"[0, 2]",[1],10357.035056659017,0.035703505665901636,-0.03620790849452582,0.7701052344475557,60,0.001099999999999999,30,0,30,0.013655172413793104,0.013655172413793104,0.0,5.024853018251079e-06,0.0006106963727661364,0.21974731723243113
64,10000.0,0.0006,5.0,0.003,-0.004,3,2,1.0,False,0.54,0.0012,"[0, 2]",[1],10357.035056659017,0.035703505665901636,-0.03620790849452582,0.7701052344475557,60,0.001099999999999999,30,0,30,0.013655172413793104,0.013655172413793104,0.0,5.024853018251079e-06,0.0006106963727661364,0.21974731723243113
64,10000.0,0.0006,5.0,0.0035,-0.004,9,2,1.0,False,0.56,0.0008,"[0, 2]",[1],10291.142562911751,0.029114256291175034,-0.056414620706017306,0.4755582492906658,42,0.0010999999999999992,21,0,21,0.02620689655172414,0.02620689655172414,0.0,4.319368899634503e-06,0.0008500972875398924,0.2122926521068234
64,10000.0,0.0006,5.0,0.0035,-0.004,9,2,1.0,False,0.56,0.001,"[0, 2]",[1],10291.142562911751,0.029114256291175034,-0.056414620706017306,0.4755582492906658,42,0.0010999999999999992,21,0,21,0.02620689655172414,0.02620689655172414,0.0,4.319368899634503e-06,0.0008500972875398924,0.2122926521068234
64,10000.0,0.0006,5.0,0.0035,-0.004,9,2,1.0,False,0.56,0.0012,"[0, 2]",[1],10291.142562911751,0.029114256291175034,-0.056414620706017306,0.4755582492906658,42,0.0010999999999999992,21,0,21,0.02620689655172414,0.02620689655172414,0.0,4.319368899634503e-06,0.0008500972875398924,0.2122926521068234
64,10000.0,0.0006,5.0,0.0035,-0.004,9,4,1.0,False,0.56,0.0008,"[0, 2]",[1],10291.142562911751,0.029114256291175034,-0.056414620706017306,0.4755582492906658,42,0.0010999999999999992,21,0,21,0.02620689655172414,0.02620689655172414,0.0,4.319368899634503e-06,0.0008500972875398924,0.2122926521068234
64,10000.0,0.0006,5.0,0.0035,-0.004,9,4,1.0,False,0.56,0.001,"[0, 2]",[1],10291.142562911751,0.029114256291175034,-0.056414620706017306,0.4755582492906658,42,0.0010999999999999992,21,0,21,0.02620689655172414,0.02620689655172414,0.0,4.319368899634503e-06,0.0008500972875398924,0.2122926521068234
64,10000.0,0.0006,5.0,0.0035,-0.004,9,4,1.0,False,0.56,0.0012,"[0, 2]",[1],10291.142562911751,0.029114256291175034,-0.056414620706017306,0.4755582492906658,42,0.0010999999999999992,21,0,21,0.02620689655172414,0.02620689655172414,0.0,4.319368899634503e-06,0.0008500972875398924,0.2122926521068234
64,10000.0,0.0006,5.0,0.0035,-0.004,9,6,1.0,False,0.56,0.0008,"[0, 2]",[1],10291.142562911751,0.029114256291175034,-0.056414620706017306,0.4755582492906658,42,0.0010999999999999992,21,0,21,0.02620689655172414,0.02620689655172414,0.0,4.319368899634503e-06,0.0008500972875398924,0.2122926521068234
64,10000.0,0.0006,5.0,0.0035,-0.004,9,6,1.0,False,0.56,0.001,"[0, 2]",[1],10291.142562911751,0.029114256291175034,-0.056414620706017306,0.4755582492906658,42,0.0010999999999999992,21,0,21,0.02620689655172414,0.02620689655172414,0.0,4.319368899634503e-06,0.0008500972875398924,0.2122926521068234
64,10000.0,0.0006,5.0,0.0035,-0.004,9,6,1.0,False,0.56,0.0012,"[0, 2]",[1],10291.142562911751,0.029114256291175034,-0.056414620706017306,0.4755582492906658,42,0.0010999999999999992,21,0,21,0.02620689655172414,0.02620689655172414,0.0,4.319368899634503e-06,0.0008500972875398924,0.2122926521068234
64,10000.0,0.0006,5.0,0.0025,-0.004,3,4,1.0,False,0.58,0.0008,"[0, 2]",[1],10261.579589402078,0.02615795894020767,-0.023264642629043732,0.6424350287338557,40,0.0010999999999999992,20,0,20,0.011586206896551723,0.011586206896551723,0.0,3.707655774368465e-06,0.0005401597839777826,0.1531621059294634
64,10000.0,0.0006,5.0,0.0025,-0.004,3,4,1.0,False,0.58,0.001,"[0, 2]",[1],10261.579589402078,0.02615795894020767,-0.023264642629043732,0.6424350287338557,40,0.0010999999999999992,20,0,20,0.011586206896551723,0.011586206896551723,0.0,3.707655774368465e-06,0.0005401597839777826,0.1531621059294634
64,10000.0,0.0006,5.0,0.0025,-0.004,3,4,1.0,False,0.58,0.0012,"[0, 2]",[1],10261.579589402078,0.02615795894020767,-0.023264642629043732,0.6424350287338557,40,0.0010999999999999992,20,0,20,0.011586206896551723,0.011586206896551723,0.0,3.707655774368465e-06,0.0005401597839777826,0.1531621059294634
64,10000.0,0.0006,5.0,0.0025,-0.004,9,2,1.0,False,0.58,0.0008,"[0, 2]",[1],10194.846334218615,0.019484633421861464,-0.049938887840005594,0.3609294008958829,38,0.0010999999999999994,19,0,19,0.02372413793103448,0.02372413793103448,0.0,2.954734713668663e-06,0.0007662108312931192,0.13904082503351464
64,10000.0,0.0006,5.0,0.0025,-0.004,9,2,1.0,False,0.58,0.001,"[0, 2]",[1],10194.846334218615,0.019484633421861464,-0.049938887840005594,0.3609294008958829,38,0.0010999999999999994,19,0,19,0.02372413793103448,0.02372413793103448,0.0,2.954734713668663e-06,0.0007662108312931192,0.13904082503351464
64,10000.0,0.0006,5.0,0.0025,-0.004,9,2,1.0,False,0.58,0.0012,"[0, 2]",[1],10194.846334218615,0.019484633421861464,-0.049938887840005594,0.3609294008958829,38,0.0010999999999999994,19,0,19,0.02372413793103448,0.02372413793103448,0.0,2.954734713668663e-06,0.0007662108312931192,0.13904082503351464
64,10000.0,0.0006,5.0,0.0025,-0.004,9,4,1.0,False,0.58,0.0008,"[0, 2]",[1],10194.846334218615,0.019484633421861464,-0.049938887840005594,0.3609294008958829,38,0.0010999999999999994,19,0,19,0.02372413793103448,0.02372413793103448,0.0,2.954734713668663e-06,0.0007662108312931192,0.13904082503351464
64,10000.0,0.0006,5.0,0.0025,-0.004,9,4,1.0,False,0.58,0.001,"[0, 2]",[1],10194.846334218615,0.019484633421861464,-0.049938887840005594,0.3609294008958829,38,0.0010999999999999994,19,0,19,0.02372413793103448,0.02372413793103448,0.0,2.954734713668663e-06,0.0007662108312931192,0.13904082503351464
64,10000.0,0.0006,5.0,0.0025,-0.004,9,4,1.0,False,0.58,0.0012,"[0, 2]",[1],10194.846334218615,0.019484633421861464,-0.049938887840005594,0.3609294008958829,38,0.0010999999999999994,19,0,19,0.02372413793103448,0.02372413793103448,0.0,2.954734713668663e-06,0.0007662108312931192,0.13904082503351464
64,10000.0,0.0006,5.0,0.0025,-0.004,9,6,1.0,False,0.58,0.0008,"[0, 2]",[1],10194.846334218615,0.019484633421861464,-0.049938887840005594,0.3609294008958829,38,0.0010999999999999994,19,0,19,0.02372413793103448,0.02372413793103448,0.0,2.954734713668663e-06,0.0007662108312931192,0.13904082503351464
64,10000.0,0.0006,5.0,0.0025,-0.004,9,6,1.0,False,0.58,0.001,"[0, 2]",[1],10194.846334218615,0.019484633421861464,-0.049938887840005594,0.3609294008958829,38,0.0010999999999999994,19,0,19,0.02372413793103448,0.02372413793103448,0.0,2.954734713668663e-06,0.0007662108312931192,0.13904082503351464
64,10000.0,0.0006,5.0,0.0025,-0.004,9,6,1.0,False,0.58,0.0012,"[0, 2]",[1],10194.846334218615,0.019484633421861464,-0.049938887840005594,0.3609294008958829,38,0.0010999999999999994,19,0,19,0.02372413793103448,0.02372413793103448,0.0,2.954734713668663e-06,0.0007662108312931192,0.13904082503351464
64,10000.0,0.0006,5.0,0.004,-0.004,3,2,1.0,False,0.56,0.0008,"[0, 2]",[1],10299.882831519917,0.029988283151991757,-0.01943235265321715,1.115458095557282,34,0.0010999999999999996,17,0,17,0.007724137931034483,0.007724137931034483,0.0,4.13560071491391e-06,0.00034700632831281055,0.10882919192818197
64,10000.0,0.0006,5.0,0.004,-0.004,3,2,1.0,False,0.56,0.001,"[0, 2]",[1],10299.882831519917,0.029988283151991757,-0.01943235265321715,1.115458095557282,34,0.0010999999999999996,17,0,17,0.007724137931034483,0.007724137931034483,0.0,4.13560071491391e-06,0.00034700632831281055,0.10882919192818197
64,10000.0,0.0006,5.0,0.004,-0.004,3,2,1.0,False,0.56,0.0012,"[0, 2]",[1],10299.882831519917,0.029988283151991757,-0.01943235265321715,1.115458095557282,34,0.0010999999999999996,17,0,17,0.007724137931034483,0.007724137931034483,0.0,4.13560071491391e-06,0.00034700632831281055,0.10882919192818197
64,10000.0,0.0006,5.0,0.004,-0.004,3,4,1.0,False,0.58,0.0008,"[0, 2]",[1],10299.596682224594,0.029959668222459435,-0.011765611567217714,1.0649708302209078,28,0.0011,14,0,14,0.008137931034482758,0.008137931034482758,0.0,4.137622647386464e-06,0.00036363461763179504,0.09883319664339674
64,10000.0,0.0006,5.0,0.004,-0.004,3,4,1.0,False,0.58,0.001,"[0, 2]",[1],10299.596682224594,0.029959668222459435,-0.011765611567217714,1.0649708302209078,28,0.0011,14,0,14,0.008137931034482758,0.008137931034482758,0.0,4.137622647386464e-06,0.00036363461763179504,0.09883319664339674
64,10000.0,0.0006,5.0,0.004,-0.004,3,4,1.0,False,0.58,0.0012,"[0, 2]",[1],10299.596682224594,0.029959668222459435,-0.011765611567217714,1.0649708302209078,28,0.0011,14,0,14,0.008137931034482758,0.008137931034482758,0.0,4.137622647386464e-06,0.00036363461763179504,0.09883319664339674
64,10000.0,0.0006,5.0,0.0035,-0.004,3,4,1.0,False,0.56,0.0008,"[0, 2]",[1],10180.421324445611,0.01804213244456121,-0.041871148536891306,0.44354910992886576,44,0.001099999999999999,22,0,22,0.012551724137931035,0.012551724137931035,0.0,2.619432616450136e-06,0.000552735771656193,-0.007841344775666115
64,10000.0,0.0006,5.0,0.0035,-0.004,3,4,1.0,False,0.56,0.001,"[0, 2]",[1],10180.421324445611,0.01804213244456121,-0.041871148536891306,0.44354910992886576,44,0.001099999999999999,22,0,22,0.012551724137931035,0.012551724137931035,0.0,2.619432616450136e-06,0.000552735771656193,-0.007841344775666115
64,10000.0,0.0006,5.0,0.0035,-0.004,3,4,1.0,False,0.56,0.0012,"[0, 2]",[1],10180.421324445611,0.01804213244456121,-0.041871148536891306,0.44354910992886576,44,0.001099999999999999,22,0,22,0.012551724137931035,0.012551724137931035,0.0,2.619432616450136e-06,0.000552735771656193,-0.007841344775666115
64,10000.0,0.0006,5.0,0.004,-0.004,3,4,1.0,False,0.56,0.0008,"[0, 2]",[1],10280.16525599617,0.02801652559961698,-0.02347280999213029,0.8996514638992078,34,0.0010999999999999996,17,0,17,0.009793103448275862,0.009793103448275862,0.0,3.893054508056068e-06,0.00040501233160427345,-0.013070311235805654
64,10000.0,0.0006,5.0,0.004,-0.004,3,4,1.0,False,0.56,0.001,"[0, 2]",[1],10280.16525599617,0.02801652559961698,-0.02347280999213029,0.8996514638992078,34,0.0010999999999999996,17,0,17,0.009793103448275862,0.009793103448275862,0.0,3.893054508056068e-06,0.00040501233160427345,-0.013070311235805654
64,10000.0,0.0006,5.0,0.004,-0.004,3,4,1.0,False,0.56,0.0012,"[0, 2]",[1],10280.16525599617,0.02801652559961698,-0.02347280999213029,0.8996514638992078,34,0.0010999999999999996,17,0,17,0.009793103448275862,0.009793103448275862,0.0,3.893054508056068e-06,0.00040501233160427345,-0.013070311235805654
64,10000.0,0.0006,5.0,0.003,-0.004,3,4,1.0,False,0.56,0.0008,"[0, 2]",[1],10164.830459464694,0.01648304594646932,-0.041871148536891306,0.39734457409890805,48,0.0010999999999999988,24,0,24,0.013793103448275862,0.013793103448275862,0.0,2.4174151399693956e-06,0.0005694243095527253,-0.03562087218492063
64,10000.0,0.0006,5.0,0.003,-0.004,3,4,1.0,False,0.56,0.001,"[0, 2]",[1],10164.830459464694,0.01648304594646932,-0.041871148536891306,0.39734457409890805,48,0.0010999999999999988,24,0,24,0.013793103448275862,0.013793103448275862,0.0,2.4174151399693956e-06,0.0005694243095527253,-0.03562087218492063
64,10000.0,0.0006,5.0,0.003,-0.004,3,4,1.0,False,0.56,0.0012,"[0, 2]",[1],10164.830459464694,0.01648304594646932,-0.041871148536891306,0.39734457409890805,48,0.0010999999999999988,24,0,24,0.013793103448275862,0.013793103448275862,0.0,2.4174151399693956e-06,0.0005694243095527253,-0.03562087218492063
64,10000.0,0.0006,5.0,0.0035,-0.004,3,4,1.0,False,0.58,0.0008,"[0, 2]",[1],10279.784645630247,0.027978464563024774,-0.023264642629043732,0.7397648889341594,34,0.0010999999999999996,17,0,17,0.009793103448275862,0.009793103448275862,0.0,3.929969466049631e-06,0.0004972187694802687,-0.09271144710193346
64,10000.0,0.0006,5.0,0.0035,-0.004,3,4,1.0,False,0.58,0.001,"[0, 2]",[1],10279.784645630247,0.027978464563024774,-0.023264642629043732,0.7397648889341594,34,0.0010999999999999996,17,0,17,0.009793103448275862,0.009793103448275862,0.0,3.929969466049631e-06,0.0004972187694802687,-0.09271144710193346
64,10000.0,0.0006,5.0,0.0035,-0.004,3,4,1.0,False,0.58,0.0012,"[0, 2]",[1],10279.784645630247,0.027978464563024774,-0.023264642629043732,0.7397648889341594,34,0.0010999999999999996,17,0,17,0.009793103448275862,0.009793103448275862,0.0,3.929969466049631e-06,0.0004972187694802687,-0.09271144710193346
64,10000.0,0.0006,5.0,0.0025,-0.004,3,4,1.0,False,0.56,0.0008,"[0, 2]",[1],10129.912033557392,0.012991203355739112,-0.041871148536891306,0.30326530805303537,52,0.0010999999999999988,26,0,26,0.014896551724137931,0.014896551724137931,0.0,1.96431404494187e-06,0.0006062339345886537,-0.0931360329800476
64,10000.0,0.0006,5.0,0.0025,-0.004,3,4,1.0,False,0.56,0.001,"[0, 2]",[1],10129.912033557392,0.012991203355739112,-0.041871148536891306,0.30326530805303537,52,0.0010999999999999988,26,0,26,0.014896551724137931,0.014896551724137931,0.0,1.96431404494187e-06,0.0006062339345886537,-0.0931360329800476
64,10000.0,0.0006,5.0,0.0025,-0.004,3,4,1.0,False,0.56,0.0012,"[0, 2]",[1],10129.912033557392,0.012991203355739112,-0.041871148536891306,0.30326530805303537,52,0.0010999999999999988,26,0,26,0.014896551724137931,0.014896551724137931,0.0,1.96431404494187e-06,0.0006062339345886537,-0.0931360329800476
64,10000.0,0.0006,5.0,0.0035,-0.004,3,2,1.0,False,0.58,0.0008,"[0, 2]",[1],10182.677686280942,0.018267768628094094,-0.023264642629043732,0.5696833558765133,34,0.0010999999999999996,17,0,17,0.007724137931034483,0.007724137931034483,0.0,2.587776022788612e-06,0.00042515295949015696,-0.20688430143554853
64,10000.0,0.0006,5.0,0.0035,-0.004,3,2,1.0,False,0.58,0.001,"[0, 2]",[1],10182.677686280942,0.018267768628094094,-0.023264642629043732,0.5696833558765133,34,0.0010999999999999996,17,0,17,0.007724137931034483,0.007724137931034483,0.0,2.587776022788612e-06,0.00042515295949015696,-0.20688430143554853
64,10000.0,0.0006,5.0,0.0035,-0.004,3,2,1.0,False,0.58,0.0012,"[0, 2]",[1],10182.677686280942,0.018267768628094094,-0.023264642629043732,0.5696833558765133,34,0.0010999999999999996,17,0,17,0.007724137931034483,0.007724137931034483,0.0,2.587776022788612e-06,0.00042515295949015696,-0.20688430143554853
64,10000.0,0.0006,5.0,0.004,-0.004,9,2,1.0,False,0.54,0.0008,"[0, 2]",[1],9864.552311054566,-0.01354476889454348,-0.06938297345143318,-0.19334746509871384,44,0.001099999999999999,22,0,22,0.027448275862068966,0.027448275862068966,0.0,-1.5867240147148141e-06,0.0007680950481162767,-0.2760739861358537
64,10000.0,0.0006,5.0,0.004,-0.004,9,2,1.0,False,0.54,0.001,"[0, 2]",[1],9864.552311054566,-0.01354476889454348,-0.06938297345143318,-0.19334746509871384,44,0.001099999999999999,22,0,22,0.027448275862068966,0.027448275862068966,0.0,-1.5867240147148141e-06,0.0007680950481162767,-0.2760739861358537
64,10000.0,0.0006,5.0,0.004,-0.004,9,2,1.0,False,0.54,0.0012,"[0, 2]",[1],9864.552311054566,-0.01354476889454348,-0.06938297345143318,-0.19334746509871384,44,0.001099999999999999,22,0,22,0.027448275862068966,0.027448275862068966,0.0,-1.5867240147148141e-06,0.0007680950481162767,-0.2760739861358537
64,10000.0,0.0006,5.0,0.004,-0.004,9,4,1.0,False,0.54,0.0008,"[0, 2]",[1],9864.552311054566,-0.01354476889454348,-0.06938297345143318,-0.19334746509871384,44,0.001099999999999999,22,0,22,0.027448275862068966,0.027448275862068966,0.0,-1.5867240147148141e-06,0.0007680950481162767,-0.2760739861358537
64,10000.0,0.0006,5.0,0.004,-0.004,9,4,1.0,False,0.54,0.001,"[0, 2]",[1],9864.552311054566,-0.01354476889454348,-0.06938297345143318,-0.19334746509871384,44,0.001099999999999999,22,0,22,0.027448275862068966,0.027448275862068966,0.0,-1.5867240147148141e-06,0.0007680950481162767,-0.2760739861358537
64,10000.0,0.0006,5.0,0.004,-0.004,9,4,1.0,False,0.54,0.0012,"[0, 2]",[1],9864.552311054566,-0.01354476889454348,-0.06938297345143318,-0.19334746509871384,44,0.001099999999999999,22,0,22,0.027448275862068966,0.027448275862068966,0.0,-1.5867240147148141e-06,0.0007680950481162767,-0.2760739861358537
64,10000.0,0.0006,5.0,0.004,-0.004,9,6,1.0,False,0.54,0.0008,"[0, 2]",[1],9864.552311054566,-0.01354476889454348,-0.06938297345143318,-0.19334746509871384,44,0.001099999999999999,22,0,22,0.027448275862068966,0.027448275862068966,0.0,-1.5867240147148141e-06,0.0007680950481162767,-0.2760739861358537
64,10000.0,0.0006,5.0,0.004,-0.004,9,6,1.0,False,0.54,0.001,"[0, 2]",[1],9864.552311054566,-0.01354476889454348,-0.06938297345143318,-0.19334746509871384,44,0.001099999999999999,22,0,22,0.027448275862068966,0.027448275862068966,0.0,-1.5867240147148141e-06,0.0007680950481162767,-0.2760739861358537
64,10000.0,0.0006,5.0,0.004,-0.004,9,6,1.0,False,0.54,0.0012,"[0, 2]",[1],9864.552311054566,-0.01354476889454348,-0.06938297345143318,-0.19334746509871384,44,0.001099999999999999,22,0,22,0.027448275862068966,0.027448275862068966,0.0,-1.5867240147148141e-06,0.0007680950481162767,-0.2760739861358537
64,10000.0,0.0006,5.0,0.0025,-0.004,3,2,1.0,False,0.56,0.0008,"[0, 2]",[1],9989.011977711554,-0.0010988022288446198,-0.03620790849452582,-0.002533937958254582,52,0.0010999999999999988,26,0,26,0.011724137931034483,0.011724137931034483,0.0,-1.4174911960586968e-08,0.0005235720398525999,-0.2769791926547128
64,10000.0,0.0006,5.0,0.0025,-0.004,3,2,1.0,False,0.56,0.001,"[0, 2]",[1],9989.011977711554,-0.0010988022288446198,-0.03620790849452582,-0.002533937958254582,52,0.0010999999999999988,26,0,26,0.011724137931034483,0.011724137931034483,0.0,-1.4174911960586968e-08,0.0005235720398525999,-0.2769791926547128
64,10000.0,0.0006,5.0,0.0025,-0.004,3,2,1.0,False,0.56,0.0012,"[0, 2]",[1],9989.011977711554,-0.0010988022288446198,-0.03620790849452582,-0.002533937958254582,52,0.0010999999999999988,26,0,26,0.011724137931034483,0.011724137931034483,0.0,-1.4174911960586968e-08,0.0005235720398525999,-0.2769791926547128
64,10000.0,0.0006,5.0,0.0025,-0.004,3,2,1.0,False,0.58,0.0008,"[0, 2]",[1],10133.700968897974,0.0133700968897974,-0.023264642629043732,0.38036388318779757,42,0.0010999999999999992,21,0,21,0.009379310344827587,0.009379310344827587,0.0,1.9470590628104736e-06,0.00047910632723578044,-0.3162370529947965
64,10000.0,0.0006,5.0,0.0025,-0.004,3,2,1.0,False,0.58,0.001,"[0, 2]",[1],10133.700968897974,0.0133700968897974,-0.023264642629043732,0.38036388318779757,42,0.0010999999999999992,21,0,21,0.009379310344827587,0.009379310344827587,0.0,1.9470590628104736e-06,0.00047910632723578044,-0.3162370529947965
64,10000.0,0.0006,5.0,0.0025,-0.004,3,2,1.0,False,0.58,0.0012,"[0, 2]",[1],10133.700968897974,0.0133700968897974,-0.023264642629043732,0.38036388318779757,42,0.0010999999999999992,21,0,21,0.009379310344827587,0.009379310344827587,0.0,1.9470590628104736e-06,0.00047910632723578044,-0.3162370529947965
64,10000.0,0.0006,5.0,0.003,-0.004,3,2,1.0,False,0.56,0.0008,"[0, 2]",[1],9952.343261762095,-0.004765673823790562,-0.03620790849452582,-0.10342035541047045,48,0.0010999999999999988,24,0,24,0.010896551724137931,0.010896551724137931,0.0,-5.39287687863176e-07,0.000488052489570458,-0.33842301616565856
64,10000.0,0.0006,5.0,0.003,-0.004,3,2,1.0,False,0.56,0.001,"[0, 2]",[1],9952.343261762095,-0.004765673823790562,-0.03620790849452582,-0.10342035541047045,48,0.0010999999999999988,24,0,24,0.010896551724137931,0.010896551724137931,0.0,-5.39287687863176e-07,0.000488052489570458,-0.33842301616565856
64,10000.0,0.0006,5.0,0.003,-0.004,3,2,1.0,False,0.56,0.0012,"[0, 2]",[1],9952.343261762095,-0.004765673823790562,-0.03620790849452582,-0.10342035541047045,48,0.0010999999999999988,24,0,24,0.010896551724137931,0.010896551724137931,0.0,-5.39287687863176e-07,0.000488052489570458,-0.33842301616565856
64,10000.0,0.0006,5.0,0.003,-0.004,3,2,1.0,False,0.58,0.0008,"[0, 2]",[1],10096.501113379278,0.009650111337927703,-0.023264642629043732,0.3024604304789852,38,0.0010999999999999994,19,0,19,0.008551724137931035,0.008551724137931035,0.0,1.4219462869078845e-06,0.0004400141863575556,-0.36634873600481177
64,10000.0,0.0006,5.0,0.003,-0.004,3,2,1.0,False,0.58,0.001,"[0, 2]",[1],10096.501113379278,0.009650111337927703,-0.023264642629043732,0.3024604304789852,38,0.0010999999999999994,19,0,19,0.008551724137931035,0.008551724137931035,0.0,1.4219462869078845e-06,0.0004400141863575556,-0.36634873600481177
64,10000.0,0.0006,5.0,0.003,-0.004,3,2,1.0,False,0.58,0.0012,"[0, 2]",[1],10096.501113379278,0.009650111337927703,-0.023264642629043732,0.3024604304789852,38,0.0010999999999999994,19,0,19,0.008551724137931035,0.008551724137931035,0.0,1.4219462869078845e-06,0.0004400141863575556,-0.36634873600481177
64,10000.0,0.0006,5.0,0.004,-0.004,9,2,1.0,False,0.58,0.0008,"[0, 2]",[1],9893.205594665618,-0.010679440533438167,-0.03407585074070942,-0.2285055206775935,26,0.0011,13,0,13,0.016275862068965516,0.016275862068965516,0.0,-1.3321881111088606e-06,0.0005456584808497889,-0.4144427834205301
64,10000.0,0.0006,5.0,0.004,-0.004,9,2,1.0,False,0.58,0.001,"[0, 2]",[1],9893.205594665618,-0.010679440533438167,-0.03407585074070942,-0.2285055206775935,26,0.0011,13,0,13,0.016275862068965516,0.016275862068965516,0.0,-1.3321881111088606e-06,0.0005456584808497889,-0.4144427834205301
64,10000.0,0.0006,5.0,0.004,-0.004,9,2,1.0,False,0.58,0.0012,"[0, 2]",[1],9893.205594665618,-0.010679440533438167,-0.03407585074070942,-0.2285055206775935,26,0.0011,13,0,13,0.016275862068965516,0.016275862068965516,0.0,-1.3321881111088606e-06,0.0005456584808497889,-0.4144427834205301
64,10000.0,0.0006,5.0,0.004,-0.004,9,4,1.0,False,0.58,0.0008,"[0, 2]",[1],9893.205594665618,-0.010679440533438167,-0.03407585074070942,-0.2285055206775935,26,0.0011,13,0,13,0.016275862068965516,0.016275862068965516,0.0,-1.3321881111088606e-06,0.0005456584808497889,-0.4144427834205301
64,10000.0,0.0006,5.0,0.004,-0.004,9,4,1.0,False,0.58,0.001,"[0, 2]",[1],9893.205594665618,-0.010679440533438167,-0.03407585074070942,-0.2285055206775935,26,0.0011,13,0,13,0.016275862068965516,0.016275862068965516,0.0,-1.3321881111088606e-06,0.0005456584808497889,-0.4144427834205301
64,10000.0,0.0006,5.0,0.004,-0.004,9,4,1.0,False,0.58,0.0012,"[0, 2]",[1],9893.205594665618,-0.010679440533438167,-0.03407585074070942,-0.2285055206775935,26,0.0011,13,0,13,0.016275862068965516,0.016275862068965516,0.0,-1.3321881111088606e-06,0.0005456584808497889,-0.4144427834205301
64,10000.0,0.0006,5.0,0.004,-0.004,9,6,1.0,False,0.58,0.0008,"[0, 2]",[1],9893.205594665618,-0.010679440533438167,-0.03407585074070942,-0.2285055206775935,26,0.0011,13,0,13,0.016275862068965516,0.016275862068965516,0.0,-1.3321881111088606e-06,0.0005456584808497889,-0.4144427834205301
64,10000.0,0.0006,5.0,0.004,-0.004,9,6,1.0,False,0.58,0.001,"[0, 2]",[1],9893.205594665618,-0.010679440533438167,-0.03407585074070942,-0.2285055206775935,26,0.0011,13,0,13,0.016275862068965516,0.016275862068965516,0.0,-1.3321881111088606e-06,0.0005456584808497889,-0.4144427834205301
64,10000.0,0.0006,5.0,0.004,-0.004,9,6,1.0,False,0.58,0.0012,"[0, 2]",[1],9893.205594665618,-0.010679440533438167,-0.03407585074070942,-0.2285055206775935,26,0.0011,13,0,13,0.016275862068965516,0.016275862068965516,0.0,-1.3321881111088606e-06,0.0005456584808497889,-0.4144427834205301
64,10000.0,0.0006,5.0,0.004,-0.004,9,2,1.0,False,0.56,0.0008,"[0, 2]",[1],9669.955262501502,-0.03300447374984983,-0.056414620706017535,-0.6633101037288887,32,0.0010999999999999998,16,0,16,0.02,0.02,0.0,-4.433376991450082e-06,0.0006255616312454842,-0.5434977145260289
64,10000.0,0.0006,5.0,0.004,-0.004,9,2,1.0,False,0.56,0.001,"[0, 2]",[1],9669.955262501502,-0.03300447374984983,-0.056414620706017535,-0.6633101037288887,32,0.0010999999999999998,16,0,16,0.02,0.02,0.0,-4.433376991450082e-06,0.0006255616312454842,-0.5434977145260289
64,10000.0,0.0006,5.0,0.004,-0.004,9,2,1.0,False,0.56,0.0012,"[0, 2]",[1],9669.955262501502,-0.03300447374984983,-0.056414620706017535,-0.6633101037288887,32,0.0010999999999999998,16,0,16,0.02,0.02,0.0,-4.433376991450082e-06,0.0006255616312454842,-0.5434977145260289
64,10000.0,0.0006,5.0,0.004,-0.004,9,4,1.0,False,0.56,0.0008,"[0, 2]",[1],9669.955262501502,-0.03300447374984983,-0.056414620706017535,-0.6633101037288887,32,0.0010999999999999998,16,0,16,0.02,0.02,0.0,-4.433376991450082e-06,0.0006255616312454842,-0.5434977145260289
64,10000.0,0.0006,5.0,0.004,-0.004,9,4,1.0,False,0.56,0.001,"[0, 2]",[1],9669.955262501502,-0.03300447374984983,-0.056414620706017535,-0.6633101037288887,32,0.0010999999999999998,16,0,16,0.02,0.02,0.0,-4.433376991450082e-06,0.0006255616312454842,-0.5434977145260289
64,10000.0,0.0006,5.0,0.004,-0.004,9,4,1.0,False,0.56,0.0012,"[0, 2]",[1],9669.955262501502,-0.03300447374984983,-0.056414620706017535,-0.6633101037288887,32,0.0010999999999999998,16,0,16,0.02,0.02,0.0,-4.433376991450082e-06,0.0006255616312454842,-0.5434977145260289
64,10000.0,0.0006,5.0,0.004,-0.004,9,6,1.0,False,0.56,0.0008,"[0, 2]",[1],9669.955262501502,-0.03300447374984983,-0.056414620706017535,-0.6633101037288887,32,0.0010999999999999998,16,0,16,0.02,0.02,0.0,-4.433376991450082e-06,0.0006255616312454842,-0.5434977145260289
64,10000.0,0.0006,5.0,0.004,-0.004,9,6,1.0,False,0.56,0.001,"[0, 2]",[1],9669.955262501502,-0.03300447374984983,-0.056414620706017535,-0.6633101037288887,32,0.0010999999999999998,16,0,16,0.02,0.02,0.0,-4.433376991450082e-06,0.0006255616312454842,-0.5434977145260289
64,10000.0,0.0006,5.0,0.004,-0.004,9,6,1.0,False,0.56,0.0012,"[0, 2]",[1],9669.955262501502,-0.03300447374984983,-0.056414620706017535,-0.6633101037288887,32,0.0010999999999999998,16,0,16,0.02,0.02,0.0,-4.433376991450082e-06,0.0006255616312454842,-0.5434977145260289
64,10000.0,0.0006,5.0,0.0035,-0.004,3,2,1.0,False,0.56,0.0008,"[0, 2]",[1],10009.517006475984,0.0009517006475983081,-0.03689942021487129,0.04824208209062319,44,0.001099999999999999,22,0,22,0.009793103448275862,0.009793103448275862,0.0,2.4120140744598194e-07,0.0004679568914615859,-0.546822697441636
64,10000.0,0.0006,5.0,0.0035,-0.004,3,2,1.0,False,0.56,0.001,"[0, 2]",[1],10009.517006475984,0.0009517006475983081,-0.03689942021487129,0.04824208209062319,44,0.001099999999999999,22,0,22,0.009793103448275862,0.009793103448275862,0.0,2.4120140744598194e-07,0.0004679568914615859,-0.546822697441636
64,10000.0,0.0006,5.0,0.0035,-0.004,3,2,1.0,False,0.56,0.0012,"[0, 2]",[1],10009.517006475984,0.0009517006475983081,-0.03689942021487129,0.04824208209062319,44,0.001099999999999999,22,0,22,0.009793103448275862,0.009793103448275862,0.0,2.4120140744598194e-07,0.0004679568914615859,-0.546822697441636
